Team,Rk,Player,G,MP,FG,FGA,FG%,2P,2PA,2P%,3P,3PA,3P%,FT,FTA,FT%,TRB,AST,STL,BLK,TOV,PF,PTS
North Carolina,1,Justin Jackson,40,32,6.6,14.9,0.443,4,7.8,0.51,2.6,7.1,0.37,2.5,3.3,0.748,4.7,2.8,0.8,0.2,1.7,1.4,18.3
North Carolina,2,Joel Berry,38,30.4,4.8,11.2,0.428,2.5,5.2,0.48,2.3,6,0.384,2.8,3.6,0.774,3.1,3.6,1.4,0.1,1.9,2.2,14.7
North Carolina,3,Kennedy Meeks,40,24.3,5.2,9.3,0.554,5.2,9.3,0.555,0,0,0,2.2,3.6,0.622,9.5,1,1,1.2,1.2,2.4,12.5
North Carolina,4,Isaiah Hicks,39,23.3,4.5,7.8,0.574,4.5,7.8,0.574,0,0,,2.9,3.7,0.779,5.5,1.4,0.4,0.7,1.6,3.1,11.8
North Carolina,5,Tony Bradley,38,14.6,2.7,4.7,0.573,2.7,4.7,0.573,0,0,,1.7,2.8,0.619,5.1,0.6,0.3,0.6,0.7,1.8,7.1
North Carolina,6,Kenny Williams,26,23.7,2.2,5.3,0.417,1.2,2.3,0.525,1,3.1,0.338,0.7,1.2,0.633,3.3,2.2,0.9,0.3,1.2,1.5,6.2
North Carolina,7,Theo Pinson,21,23.8,2,5.4,0.381,1.6,3.6,0.453,0.4,1.8,0.237,1.6,2.2,0.702,4.6,3.7,0.9,0.2,1.5,1.8,6.1
North Carolina,8,Luke Maye,35,14.1,2.2,4.7,0.479,1.8,3.5,0.504,0.5,1.1,0.4,0.6,1.1,0.579,3.9,1.2,0.4,0.2,0.9,1.8,5.5
North Carolina,9,Nate Britt,40,19,1.6,4.5,0.354,1,2.6,0.369,0.7,2,0.333,0.7,0.9,0.73,1.8,2.4,1,0.1,0.9,1.8,4.5
North Carolina,10,Brandon Robinson,36,7.8,0.6,1.8,0.344,0.4,0.9,0.441,0.2,0.8,0.233,0.5,0.8,0.655,1.2,0.8,0.3,0.1,0.4,0.9,1.9
North Carolina,11,Seventh Woods,40,7.7,0.4,1.5,0.283,0.4,1.2,0.306,0.1,0.3,0.182,0.6,1,0.61,1.4,1.2,0.5,0.1,1.1,0.7,1.5
North Carolina,12,Stilman White,27,3.6,0.4,0.7,0.5,0.3,0.6,0.5,0.1,0.1,0.5,0.6,0.7,0.889,0.4,0.2,0.1,0,0.1,0.3,1.4
North Carolina,13,Shea Rush,20,1.7,0.2,0.7,0.286,0.2,0.6,0.273,0.1,0.2,0.333,0.3,0.5,0.5,0.2,0,0.1,0.1,0.1,0.2,0.7
North Carolina,14,Kanler Coker,21,1.4,0.1,0.2,0.5,0.1,0.2,0.5,0,0,,0.2,0.2,1,0.2,0,0,0,0,0.3,0.4
North Carolina,15,Aaron Rohlman,20,1.7,0,0.1,0,0,0.1,0,0,0,,0,0,,0.7,0.1,0.1,0,0.1,0.1,0
Florida State,1,Dwayne Bacon,35,28.8,6.3,14,0.452,4.7,9.1,0.516,1.6,4.9,0.333,3,3.9,0.754,4.2,1.7,1,0.1,2,1.6,17.2
Florida State,2,Jonathan Isaac,32,26.2,4.1,8,0.508,3.1,5.2,0.593,1,2.8,0.348,2.9,3.7,0.78,7.8,1.2,1.2,1.5,1.5,2.2,12
Florida State,3,Xavier Rathan-Mayes,35,27.7,3.8,8.5,0.453,2.7,4.9,0.547,1.1,3.5,0.323,1.8,3.3,0.53,3.2,4.8,0.9,0.1,1.9,2,10.6
Florida State,4,Terance Mann,35,25,3.3,5.7,0.576,3.1,5,0.611,0.2,0.7,0.304,1.7,2.5,0.663,4.5,1.7,1,0.2,1.2,2.3,8.4
Florida State,5,PJ Savoy,28,8.1,1.7,4.1,0.412,0.3,0.5,0.5,1.4,3.6,0.4,0.8,1.1,0.7,0.8,0.3,0.4,0,0.3,0.5,5.5
Florida State,6,Trent Forrest,35,15.4,1.7,3.7,0.473,1.7,3.5,0.496,0,0.2,0.125,1.4,2,0.676,2.7,1.6,1.2,0.1,1,1.1,4.9
Florida State,7,Michael Ojo,35,12.2,1.6,2.9,0.564,1.6,2.9,0.564,0,0,,1.7,2.1,0.806,3.2,0.2,0.3,0.9,0.8,2,4.9
Florida State,8,CJ Walker,33,12.5,1.6,4.1,0.397,1.1,2.4,0.463,0.5,1.7,0.304,1.1,1.7,0.655,1.4,1.3,0.6,0.1,0.8,1.7,4.9
Florida State,9,Braian Angola-Rodas,34,11.8,1.5,3.4,0.452,0.9,1.9,0.477,0.6,1.5,0.42,0.9,1.2,0.78,1.6,1.2,0.4,0.1,0.5,1.2,4.6
Florida State,10,Jarquez Smith,35,13.1,1.7,3.3,0.522,1.6,3,0.543,0.1,0.3,0.3,0.9,1.3,0.652,2.8,0.5,0.2,0.9,0.7,2.4,4.4
Florida State,11,Chris Koumadje,35,10.1,1.5,2.3,0.654,1.5,2.3,0.663,0,0,0,0.3,0.7,0.48,1.9,0.1,0.2,1.1,0.5,1.7,3.4
Florida State,12,Brandon Allen,14,6.2,1.1,2.3,0.469,0.4,0.6,0.556,0.7,1.6,0.435,0.1,0.1,1,0.4,0.3,0.1,0.1,0.2,0.7,3
Florida State,13,Phil Cofer,32,12.5,1.2,2.6,0.452,1,2.1,0.471,0.2,0.5,0.375,0.4,0.6,0.6,1.9,0.2,0.1,0.1,0.8,1,2.9
Louisville,1,Donovan Mitchell,34,32.3,5.3,13.1,0.408,3,6.4,0.463,2.4,6.6,0.354,2.6,3.2,0.806,4.9,2.7,2.1,0.5,1.6,2.6,15.6
Louisville,2,Quentin Snider,28,31.3,4.1,10.8,0.385,2.1,5.4,0.397,2,5.4,0.373,2.1,2.9,0.72,2.7,4.1,0.6,0,1.5,1.5,12.4
Louisville,3,Deng Adel,33,30.1,4.3,10.1,0.423,2.9,6.3,0.469,1.3,3.8,0.349,2.2,2.9,0.771,4.5,2.1,0.6,0.4,1.4,1.8,12.1
Louisville,4,Jaylen Johnson,34,20.5,3.1,5.3,0.589,3,5.1,0.59,0.1,0.2,0.571,1.6,2.6,0.625,5.8,0.5,0.5,0.5,1.3,2.4,8
Louisville,5,Mangok Mathiang,33,20.8,3.2,5.9,0.531,3.2,5.9,0.531,0,0,,1.5,2.3,0.671,6,0.7,0.5,1.1,1.2,2.5,7.8
Louisville,6,Raymond Spalding,34,19.2,2.3,3.9,0.59,2.3,3.9,0.603,0,0.1,0,1.2,2.3,0.545,5.5,0.8,0.6,0.9,1.3,2.6,5.9
Louisville,7,Anas Mahmoud,31,18.7,2.5,3.9,0.623,2.5,3.9,0.623,0,0,,0.8,1.7,0.462,4,0.8,0.9,2.1,1.1,2.6,5.7
Louisville,8,V.J. King,33,13.5,1.8,4.2,0.432,1.3,3.1,0.436,0.5,1.2,0.421,1.4,1.7,0.821,2.1,0.5,0.2,0.1,0.7,0.8,5.5
Louisville,9,Tony Hicks,23,10,1.4,3.5,0.395,1.2,2.7,0.443,0.2,0.9,0.25,0.7,1.2,0.63,1,0.8,0.4,0,0.9,0.7,3.7
Louisville,10,Ryan McMahon,28,6.3,0.7,2.1,0.333,0,0.3,0.125,0.7,1.9,0.365,0.4,0.5,0.857,0.5,0.6,0.2,0.1,0.4,1.1,2.5
Louisville,11,David Levitch,32,9.3,0.6,1.7,0.37,0.2,0.6,0.35,0.4,1.1,0.382,0.2,0.4,0.462,1.2,0.9,0.3,0,0.2,1,1.8
Louisville,12,Matz Stockman,18,4.1,0.6,0.9,0.647,0.6,0.9,0.647,0,0,,0.5,0.8,0.6,1.2,0.2,0.1,0.2,0.4,0.9,1.7
Louisville,13,Jay Henderson,17,2.1,0.3,0.9,0.313,0.2,0.5,0.5,0.1,0.5,0.125,0.2,0.2,1,0.2,0.2,0.2,0,0.1,0.4,0.9
Louisville,14,Tyler Sharpe,7,1.6,0.1,1.1,0.125,0.1,0.3,0.5,0,0.9,0,0,0,,0.4,0.1,0,0,0.1,0.1,0.3
Notre Dame,1,Bonzie Colson,36,32.1,6.6,12.5,0.526,5.8,10.8,0.54,0.7,1.7,0.433,3.9,5,0.783,10.1,1.6,1.1,1.4,1.2,2.3,17.8
Notre Dame,2,V.J. Beachem,36,34.2,5.2,12.3,0.422,2.8,5.6,0.495,2.4,6.7,0.361,1.7,2,0.836,4.1,0.9,0.9,1.1,1.1,1.3,14.5
Notre Dame,3,Matt Farrell,36,34.4,4.8,10.7,0.448,2.5,5.3,0.476,2.3,5.4,0.42,2.3,2.8,0.794,2,5.4,1.4,0.1,2.5,2,14.1
Notre Dame,4,Steve Vasturia,36,34.6,4.5,10.4,0.433,2.9,5.9,0.491,1.6,4.5,0.358,2.5,2.8,0.91,3.9,3.3,1.2,0.1,1.6,2.1,13.1
Notre Dame,5,Temple Gibbs,36,15,1.4,3.8,0.375,0.9,2.3,0.41,0.5,1.5,0.321,1.4,1.6,0.831,1.5,1.7,0.7,0.1,0.8,1.4,4.7
Notre Dame,6,Rex Pflueger,35,21.5,1.7,3.8,0.444,0.9,1.9,0.492,0.8,1.9,0.397,0.5,0.8,0.655,2.7,1.5,0.9,0.3,0.7,1.7,4.7
Notre Dame,7,Matt Ryan,36,7.9,1.2,2.8,0.434,0.2,0.4,0.438,1,2.3,0.434,0.3,0.3,0.9,0.9,0.4,0.2,0,0.4,0.8,3.6
Notre Dame,8,Martinas Geben,34,12.4,1.2,1.9,0.646,1.2,1.9,0.646,0,0,,0.7,0.9,0.767,3.4,0.7,0.4,0.3,0.6,1.9,3.1
Notre Dame,9,Austin Torres,36,7.3,0.6,1.1,0.553,0.6,1.1,0.553,0,0,,0.2,0.5,0.333,1.4,0.2,0.3,0.2,0.3,1.3,1.3
Notre Dame,10,John Mooney,12,3.8,0.4,0.7,0.625,0.3,0.3,0.75,0.2,0.3,0.5,0.2,0.2,1,1.6,0.2,0.1,0.1,0.1,0.4,1.2
Notre Dame,11,Elijah Burns,11,4,0.1,0.4,0.25,0.1,0.3,0.333,0,0.1,0,0.6,0.7,0.875,0.8,0.1,0.2,0.1,0.2,0.5,0.8
Notre Dame,12,Patrick Mazza,4,1,0.3,0.5,0.5,0.3,0.5,0.5,0,0,,0,0,,0.3,0,0,0.3,0.3,0,0.5
Notre Dame,13,Matt Gregory,5,1.2,0,0.8,0,0,0,,0,0.8,0,0,0,,0,0,0,0,0,0,0
Duke,1,Luke Kennard,37,35.5,6.4,13.1,0.49,4,7.6,0.527,2.4,5.4,0.438,4.3,5.1,0.856,5.1,2.5,0.8,0.4,1.6,2.2,19.5
Duke,2,Jayson Tatum,29,33.3,5.7,12.6,0.452,4.3,8.6,0.504,1.4,4,0.342,4.1,4.8,0.849,7.3,2.1,1.3,1.1,2.6,3,16.8
Duke,3,Grayson Allen,34,29.6,4.1,10.5,0.396,1.8,3.9,0.448,2.4,6.5,0.365,3.8,4.7,0.811,3.7,3.5,0.8,0.1,2.2,2.3,14.5
Duke,4,Frank Jackson,36,24.9,3.7,7.8,0.473,2.3,4.2,0.543,1.4,3.6,0.392,2.1,2.8,0.755,2.5,1.7,0.6,0.1,1.4,2.4,10.9
Duke,5,Amile Jefferson,35,29.7,4.2,6.8,0.613,4.2,6.8,0.613,0,0,,2.6,4.1,0.629,8.4,1.5,0.7,1.9,1.4,2.7,10.9
Duke,6,Matt Jones,37,32.9,2.6,6.5,0.397,1.2,2.5,0.484,1.4,3.9,0.342,0.5,0.7,0.731,2.8,1.9,1.7,0.2,1.1,2.3,7
Duke,7,Harry Giles,26,11.5,1.7,3,0.577,1.7,3,0.577,0,0,,0.5,0.9,0.5,3.8,0.3,0.3,0.7,0.7,2.2,3.9
Duke,8,Chase Jeter,16,14.9,0.8,1.6,0.5,0.8,1.6,0.5,0,0,,0.9,1.7,0.556,2.7,0.4,0.4,1.1,1.1,1.9,2.6
Duke,9,Antonio Vrankovic,13,7.8,1,1.5,0.684,1,1.5,0.684,0,0,,0.5,0.8,0.636,2.6,0.4,0,0.3,0.5,1.2,2.5
Duke,10,Jack White,10,6.1,0.6,0.9,0.667,0.5,0.7,0.714,0.1,0.2,0.5,0.8,1,0.8,1.3,0.1,0.1,0.2,0.4,0.5,2.1
Duke,11,Javin DeLaurier,12,7.2,0.8,0.9,0.818,0.8,0.8,0.9,0,0.1,0,0.1,0.3,0.25,1.9,0.1,0.3,0.3,0.7,1.8,1.6
Duke,12,Marques Bolden,24,6.5,0.7,1.5,0.457,0.7,1.5,0.457,0,0,,0.2,0.3,0.625,1.1,0.1,0.1,0.3,0.5,1.3,1.5
Duke,13,Justin Robinson,6,1.7,0,0,,0,0,,0,0,,0.2,0.3,0.5,0.2,0,0,0,0,0,0.2
Duke,14,Brennan Besser,1,2,0,1,0,0,0,,0,1,0,0,0,,0,0,0,0,0,1,0
Duke,15,Nick Pagliuca,5,1.6,0,0.4,0,0,0,,0,0.4,0,0,0,,0,0.4,0,0,0,0,0
Virginia,1,London Perrantes,34,32.1,4.3,10.4,0.414,2.4,5.3,0.453,1.9,5.1,0.374,2.2,2.7,0.813,3,3.8,0.7,0.1,1.7,1,12.7
Virginia,2,Austin Nichols,1,16,4,7,0.571,4,6,0.667,0,1,0,3,3,1,3,0,0,0,0,3,11
Virginia,3,Marial Shayok,34,20.6,3.6,8,0.445,3,6.3,0.477,0.6,1.7,0.328,1.3,1.6,0.796,2.4,1,0.9,0.3,1.1,1.4,8.9
Virginia,4,Devon Hall,34,27.4,2.9,7.2,0.408,2,4.7,0.428,0.9,2.5,0.372,1.5,2,0.776,4.4,1.9,0.5,0.1,1,1.9,8.4
Virginia,5,Kyle Guy,34,18.6,2.6,6,0.439,1.1,3,0.382,1.5,3,0.495,0.7,1,0.714,1.7,1.3,0.4,0,0.6,1.1,7.5
Virginia,6,Isaiah Wilkins,33,26.5,2.7,4.9,0.556,2.6,4.7,0.555,0.1,0.2,0.571,1.2,1.7,0.702,6,1.1,1,1.3,1,1.8,6.8
Virginia,7,Darius Thompson,33,20.8,2.3,5.2,0.444,1.5,2.9,0.515,0.8,2.2,0.351,0.8,1.3,0.605,1.6,2.2,0.8,0.4,1,1,6.2
Virginia,8,Ty Jerome,34,13.9,1.5,3.2,0.473,0.7,1.1,0.622,0.9,2.1,0.397,0.4,0.5,0.778,1.6,1.5,0.4,0.1,0.9,1.7,4.3
Virginia,9,Mamadi Diakite,32,14,1.6,2.9,0.543,1.5,2.5,0.58,0.1,0.3,0.273,0.6,1,0.545,2.6,0.2,0.3,1.2,0.4,2.3,3.8
Virginia,10,Jarred Reuter,32,10.8,1.6,2.8,0.584,1.6,2.8,0.584,0,0,,0.6,0.8,0.76,2.2,0.6,0.2,0.1,0.8,1.4,3.8
Virginia,11,Jack Salt,34,18.4,1.5,2.7,0.559,1.5,2.7,0.559,0,0,,0.6,1.3,0.489,4,0.4,0.3,0.6,0.6,2.6,3.7
Virginia,12,Justice Bartley,10,2.7,0.4,0.9,0.444,0.3,0.4,0.75,0.1,0.5,0.2,0,0.2,0,0.7,0.1,0,0.1,0.5,0.5,0.9
Virginia,13,Jeff Jones,5,3.6,0.2,0.6,0.333,0,0.2,0,0.2,0.4,0.5,0,0,,0.6,0,0,0,0.4,0.6,0.6
Virginia,14,Trevon Gross Jr.,11,2.4,0.1,1.1,0.083,0,0.4,0,0.1,0.7,0.125,0,0.1,0,0.5,0.2,0.2,0,0.4,0.4,0.3
Virginia Tech,1,Zach LeDay,32,29.5,5.6,10.3,0.541,5.2,9,0.578,0.3,1.3,0.275,5.1,6.6,0.768,7.3,1.2,0.6,1,1.9,2.8,16.5
Virginia Tech,2,Seth LeDay,1,25,5,11,0.455,5,11,0.455,0,0,,4,4,1,7,2,0,0,1,2,14
Virginia Tech,3,Seth Allen,32,28.9,4.6,8.5,0.54,3,4.8,0.613,1.6,3.7,0.444,2.2,3,0.729,2.3,3.3,0.8,0.2,2.8,1.9,13
Virginia Tech,4,Ahmed Hill,33,29.7,3.8,8.4,0.448,1.9,3.6,0.542,1.8,4.8,0.377,2.1,2.9,0.737,3.2,1.2,0.2,0.2,1.1,2.2,11.5
Virginia Tech,5,Chris Clarke,24,28.9,4,6.9,0.588,3.9,6.3,0.618,0.1,0.5,0.231,3.2,4.8,0.675,7.3,3.3,1.3,0.3,2,2,11.4
Virginia Tech,6,Justin Robinson,33,31.5,3,7.3,0.411,1.8,4,0.459,1.2,3.3,0.352,3.1,4.1,0.769,3,4.8,0.7,0.2,2.5,2.5,10.3
Virginia Tech,7,Justin Bibbs,33,31.3,3.2,7.9,0.408,1.2,3.2,0.381,2,4.8,0.427,0.9,1.2,0.756,2.8,1.6,0.4,0.1,1.1,2.2,9.5
Virginia Tech,8,Ty Outlaw,33,17.7,2.1,4.4,0.483,0.4,0.9,0.448,1.7,3.5,0.491,0.3,0.4,0.769,2.8,0.3,0.3,0.3,0.5,1.9,6.3
Virginia Tech,9,Khadim Sy,32,11.4,1.7,3,0.567,1.7,3,0.563,0,0,1,0.5,0.8,0.593,2.7,0.2,0.1,0.6,0.8,1.4,4
Virginia Tech,10,Johnny Hamilton,3,7,1.3,1.3,1,1.3,1.3,1,0,0,,1,2,0.5,1.3,0,0.7,0.3,0,1,3.7
Virginia Tech,11,Matt Galloway,14,2.8,0.1,0.6,0.111,0,0,,0.1,0.6,0.111,0,0,,0.1,0.1,0.1,0,0,0.6,0.2
Virginia Tech,12,Greg Donlon,1,1,0,1,0,0,1,0,0,0,,0,0,,0,0,0,0,0,0,0
Miami (FL),1,Davon Reed,33,35.3,4.9,11.3,0.433,2.5,5.2,0.474,2.4,6,0.397,2.7,3.3,0.833,4.8,2.4,1.3,0.5,2,1.6,14.9
Miami (FL),2,Ja'Quan Newton,30,31.4,5,11.1,0.452,4.6,9.7,0.476,0.4,1.3,0.275,3.1,4.4,0.699,3.5,3.4,1.1,0,3.3,1.6,13.5
Miami (FL),3,Bruce Brown,33,31.9,4.1,8.8,0.459,3.1,6,0.513,1,2.9,0.347,2.7,3.7,0.744,5.6,3.2,1.5,0.5,2,2.5,11.8
Miami (FL),4,Kamari Murphy,33,29.4,2.9,5.7,0.505,2.9,5.7,0.508,0,0,0,1.3,2.1,0.609,7.3,0.5,0.4,0.7,1.5,2.4,7
Miami (FL),5,Anthony Lawrence Jr.,33,25.9,2.2,5.2,0.416,1.1,2.2,0.5,1.1,3,0.354,1.4,1.9,0.726,3.8,1.7,1.3,0.5,1.4,2.4,6.8
Miami (FL),6,Dejan Vasiljevic,33,17.4,2,5.5,0.357,0.4,1.1,0.389,1.5,4.4,0.349,0.5,0.6,0.8,1.3,0.5,0.3,0,0.4,0.9,6
Miami (FL),7,Dewan Huell,32,17.4,2.4,4.5,0.531,2.4,4.5,0.538,0,0.1,0,1,1.6,0.647,3.1,0.2,0.4,0.8,0.9,1.9,5.8
Miami (FL),8,Ebuka Izundu,32,13,1.7,3.1,0.545,1.7,3.1,0.545,0,0,,0.9,1.3,0.69,3,0.2,0.2,0.8,0.8,2.3,4.3
Miami (FL),9,Rodney Miller,14,4.1,0.4,0.8,0.455,0.4,0.8,0.455,0,0,,0.3,0.6,0.444,0.6,0,0,0.1,0.1,0.4,1
Miami (FL),10,Mike Robinson,9,2.2,0,0.6,0,0,0.1,0,0,0.4,0,0.1,0.2,0.5,0.1,0,0.1,0,0.1,0.2,0.1
Miami (FL),11,Josh Heath,6,2,0,0.2,0,0,0,,0,0.2,0,0,0,,0.3,0,0,0,0,0,0
Syracuse,1,Andrew White III,34,37.2,5.9,13.3,0.439,2.6,5.1,0.503,3.3,8.2,0.4,3.5,4.1,0.837,4.6,1.1,1.6,0.4,1.6,2.1,18.5
Syracuse,2,Tyler Lydon,34,36.1,4.4,9.4,0.472,3,5.7,0.523,1.4,3.7,0.392,2.9,3.4,0.836,8.6,2.1,1,1.4,1.7,2.5,13.2
Syracuse,3,Tyus Battle,34,30.7,3.7,8.6,0.433,2,3.8,0.519,1.8,4.8,0.366,2.1,2.6,0.798,2.1,1.7,1.3,0.2,1.1,1.9,11.3
Syracuse,4,John Gillon,34,29.9,3.1,7.6,0.409,1.5,3.7,0.402,1.6,3.8,0.415,2.7,3.1,0.869,1.8,5.4,1.4,0,2.1,1.5,10.5
Syracuse,5,Taurean Thompson,34,17.9,3.8,7,0.549,3.7,6.5,0.575,0.1,0.5,0.188,1.4,2.2,0.645,3.8,0.6,0.7,0.9,1.3,2.5,9.2
Syracuse,6,DaJuan Coleman,17,15.6,2.2,4.1,0.543,2.2,4.1,0.551,0,0.1,0,1.2,2.1,0.571,4.8,0.2,0.4,0.5,1.4,2.2,5.6
Syracuse,7,Tyler Roberson,34,20.4,2.3,4,0.566,2.3,4,0.566,0,0,,0.7,1.6,0.446,4.9,0.9,0.5,0.8,1.1,2.1,5.3
Syracuse,8,Franklin Howard,33,16.2,1.5,4.2,0.353,0.9,2.5,0.378,0.5,1.7,0.316,1,1.6,0.623,1.6,3.6,1.2,0.2,1.7,1.7,4.5
Syracuse,9,Paschal Chukwu,7,15.4,0.9,1.3,0.667,0.9,1.3,0.667,0,0,,0,1.3,0,4.1,0.3,0.4,2,1.4,2.1,1.7
Syracuse,10,Ray Featherston,3,1.3,0.3,0.3,1,0,0,,0.3,0.3,1,0,0,,0,0,0,0,0,0,1
Syracuse,11,Doyin Akintobi-Adeyeye,12,1.6,0.4,0.9,0.455,0.4,0.9,0.455,0,0,,0,0.1,0,0.5,0,0.1,0.2,0.3,0.4,0.8
Syracuse,12,Adrian Autry,12,1.4,0.3,0.8,0.333,0.1,0.2,0.5,0.2,0.6,0.286,0,0.1,0,0.3,0,0.2,0,0,0.1,0.7
Syracuse,13,Ky Feldman,9,1.6,0.2,0.7,0.333,0.1,0.1,1,0.1,0.6,0.2,0,0,,0.2,0.2,0,0,0,0,0.6
Syracuse,14,Shaun Belbey,12,1.5,0.1,0.4,0.2,0.1,0.3,0.333,0,0.2,0,0,0,,0,0.2,0,0,0.2,0,0.2
Syracuse,15,Evan Dourdas,3,1,0,0,,0,0,,0,0,,0,0,,0,0,0,0,0.3,0,0
Syracuse,16,Jonathan Radner,4,1.5,0,0.5,0,0,0.3,0,0,0.3,0,0,0,,0.5,0.5,0,0,0.3,0,0
Syracuse,17,Mike Sutton,7,1.7,0,0.3,0,0,0,,0,0.3,0,0,0.1,0,0.6,0.3,0,0,0.1,0,0
Wake Forest,1,John Collins,33,26.6,7.1,11.4,0.622,7.1,11.4,0.624,0,0,0,5,6.7,0.745,9.8,0.5,0.6,1.6,1.8,3,19.2
Wake Forest,2,Bryant Crawford,33,31.8,5.1,11.7,0.438,3.5,7,0.5,1.6,4.7,0.346,4.3,5.2,0.826,3.8,5.5,1.5,0.3,2.3,2.8,16.2
Wake Forest,3,Keyshawn Woods,33,30.5,4.6,9.2,0.495,3.1,5.8,0.528,1.5,3.4,0.438,1.9,2.5,0.756,4.2,3.5,0.5,0,1.7,2.6,12.5
Wake Forest,4,Konstantinos Mitoglou,33,24.6,2.8,6.7,0.421,1.9,4.1,0.478,0.9,2.6,0.333,2.4,3,0.8,6.1,0.9,0.6,0.7,1.5,2.3,8.9
Wake Forest,5,Austin Arians,33,22.8,2.8,6.1,0.468,1,1.8,0.569,1.8,4.3,0.427,1,1.1,0.892,1.9,1.1,0.5,0.1,0.6,2,8.5
Wake Forest,6,Mitchell Wilbekin,32,24.8,2,5.5,0.356,0.5,1.9,0.262,1.5,3.6,0.405,1.6,1.8,0.893,1.5,1.5,0.8,0.1,0.7,1.8,7
Wake Forest,7,Brandon Childress,33,21.5,1.9,5.4,0.356,1.1,3,0.36,0.8,2.3,0.351,2,2.5,0.774,2.2,2.2,0.8,0,1.4,1.6,6.6
Wake Forest,8,Doral Moore,31,8.3,1,2,0.525,1,2,0.525,0,0,,0.5,1,0.533,2.2,0,0.1,0.9,0.8,2,2.6
Wake Forest,9,Greg McClinton,26,7.1,0.5,1,0.519,0.5,1,0.5,0,0,1,0,0.2,0.2,1.3,0,0.2,0,0.4,1.3,1.2
Wake Forest,10,Donovan Mitchell,4,1.8,0.3,0.3,1,0.3,0.3,1,0,0,,0.3,0.5,0.5,0.3,0,0,0,0.5,0,0.8
Wake Forest,11,Sam Japhet-Mathias,17,4.1,0.3,0.6,0.5,0.3,0.6,0.5,0,0,,0.1,0.1,1,0.9,0.1,0,0.2,0.4,1.3,0.7
Wake Forest,12,Aaron Spivey,2,1,0,0,,0,0,,0,0,,0.5,1,0.5,0.5,0,0,0,0,0,0.5
Wake Forest,13,Troy Rike,5,1.2,0.2,0.2,1,0.2,0.2,1,0,0,,0,0.2,0,0.6,0,0,0,0.2,0.4,0.4
Wake Forest,14,Trent VanHorn,20,2.7,0.1,0.3,0.4,0.1,0.3,0.4,0,0,,0.1,0.1,1,0.3,0.3,0,0,0.2,0.5,0.3
Wake Forest,15,Rich Washington,8,2.1,0.1,0.8,0.167,0.1,0.3,0.5,0,0.5,0,0,0,,0.3,0.4,0,0,0.1,0.4,0.3
Wake Forest,16,Anthony Bilas,2,1,0,0.5,0,0,0.5,0,0,0,,0,0,,0,0,0,0,0,0.5,0
Georgia Tech,1,Josh Okogie,37,30.8,5.2,11.6,0.453,4.5,9.6,0.468,0.8,2,0.384,4.9,6.5,0.747,5.4,1.6,1.3,0.7,2.1,2.5,16.1
Georgia Tech,2,Ben Lammers,37,35.4,5.8,11.2,0.516,5.8,11.2,0.516,0,0.1,0.5,2.6,3.6,0.737,9.2,2.1,1.2,3.4,1.7,2.3,14.2
Georgia Tech,3,Tadric Jackson,36,23.8,4.7,10.5,0.446,3.6,7.1,0.504,1.1,3.4,0.325,1.6,2.9,0.567,2.2,1.8,0.7,0.2,1.7,1.9,12.1
Georgia Tech,4,Quinton Stephens,37,33.3,3.5,9.4,0.375,1.9,4.2,0.446,1.6,5.1,0.316,1.7,2.5,0.688,7.6,2.2,1.2,0.7,1.9,2.2,10.4
Georgia Tech,5,Josh Heath,33,30.7,2,5.1,0.396,1.7,3.8,0.444,0.3,1.3,0.256,0.9,1.3,0.705,2.6,4.4,1.2,0.2,2.5,2.1,5.3
Georgia Tech,6,Justin Moore,34,18.8,1.7,4,0.431,1.6,3.7,0.441,0.1,0.3,0.3,0.8,1.5,0.529,1.8,2.4,0.4,0.1,1.5,1.7,4.4
Georgia Tech,7,Christian Matthews,15,7.1,1,2.6,0.385,0.6,1.7,0.36,0.4,0.9,0.429,1,1.3,0.75,0.6,0.3,0.2,0.2,0.4,0.7,3.4
Georgia Tech,8,Corey Heyward,37,16.8,0.6,1.9,0.3,0.3,1,0.297,0.3,0.9,0.303,0.5,0.9,0.625,1.8,1,0.5,0.1,0.5,1.5,1.9
Georgia Tech,9,Sylvester Ogbonda,23,5.2,0.6,1.2,0.481,0.6,1.2,0.481,0,0,,0.4,0.7,0.625,1,0.2,0.1,0.3,0.4,1.2,1.6
Georgia Tech,10,Kellen McCormick,24,4.7,0.5,0.7,0.75,0,0,1,0.5,0.6,0.733,0,0,,0.3,0.1,0.1,0,0.2,0.3,1.5
Georgia Tech,11,Abdoulaye Gueye,20,10.1,0.6,1.4,0.393,0.6,1.3,0.44,0,0.2,0,0.1,0.3,0.167,2.5,0.5,0.2,0.6,1.2,1.7,1.2
Georgia Tech,12,Shaheed Medlock,3,2,0.3,1,0.333,0.3,1,0.333,0,0,,0,0,,0.3,0,0,0,0,1,0.7
Georgia Tech,13,Norman Harris,4,1.8,0.3,1,0.25,0.3,1,0.25,0,0,,0,0,,0.3,0,0,0,0.3,0.5,0.5
Georgia Tech,14,Jodan Price,15,2.9,0.1,0.9,0.143,0.1,0.3,0.25,0.1,0.7,0.1,0,0,,0.5,0.1,0.1,0.1,0,0,0.3
Georgia Tech,15,Rand Rowland,8,2,0.1,0.4,0.333,0.1,0.4,0.333,0,0,,0,0,,0.5,0.3,0,0,0.4,0.1,0.3
Clemson,1,Jaron Blossomgame,33,34.3,6.6,13.3,0.498,5.9,10.5,0.564,0.7,2.8,0.255,3.6,5.1,0.713,6.3,1.5,0.8,0.9,1.7,1.6,17.6
Clemson,2,Shelton Mitchell,29,27,3.6,7.9,0.459,2.6,5.7,0.461,1,2.2,0.453,2.6,3.2,0.798,2.3,3.6,0.7,0.1,2,1.7,10.8
Clemson,3,Avry Holmes,33,26.8,3.1,7.5,0.415,1,2.8,0.37,2.1,4.7,0.442,2,2.5,0.815,2.4,1.3,1,0,0.8,1.2,10.3
Clemson,4,Marcquise Reed,33,21.5,3,7.2,0.419,2,4.7,0.432,1,2.5,0.395,2.9,3.2,0.906,2.3,1.9,1.4,0,1.2,1.7,9.9
Clemson,5,Elijah Thomas,24,16.9,3.3,5.6,0.578,3.3,5.6,0.582,0,0,0,1,2,0.479,4.2,0.3,0.7,1.2,0.8,3.5,7.5
Clemson,6,Donte Grantham,33,27.7,2.8,7.2,0.386,1.6,3.6,0.445,1.2,3.5,0.325,0.7,1,0.75,4.3,1.5,0.8,0.6,1.2,1.3,7.4
Clemson,7,Gabe DeVoe,33,24,2.6,6.9,0.382,1.3,2.8,0.457,1.3,4.1,0.328,0.5,0.9,0.6,2.8,1.9,1.1,0.2,1.4,1.5,7.2
Clemson,8,Sidy Djitte,32,23.5,2.3,4.3,0.529,2.2,4.2,0.53,0,0.1,0.5,2,2.9,0.681,7.7,0.7,0.7,0.8,1.5,3,6.5
Clemson,9,Scott Spencer,7,4.1,0.6,1.7,0.333,0.6,1.4,0.4,0,0.3,0,0,0,,0.4,0,0.1,0,0,0.3,1.1
Clemson,10,Legend Robertin,15,6.5,0.4,0.7,0.6,0.4,0.7,0.6,0,0,,0.1,0.8,0.167,0.9,0,0.1,0.9,0.2,1.1,0.9
Clemson,11,Isaac Fields,3,2,0.3,0.7,0.5,0.3,0.3,1,0,0.3,0,0,0,,0,0,0,0,0,0,0.7
Clemson,12,Ty Hudson,18,5.2,0.2,1.2,0.19,0.1,0.4,0.25,0.1,0.7,0.154,0,0,,0.2,0.3,0.1,0,0.4,0.4,0.6
Clemson,13,Lyles Davis,4,2,0.3,0.3,1,0.3,0.3,1,0,0,,0,0.5,0,1,0.5,0.5,0,0,0,0.5
Clemson,14,Riley McGillan,6,2.5,0.2,0.8,0.2,0.2,0.2,1,0,0.7,0,0,0,,0,0.2,0.2,0,0.2,0.2,0.3
Pittsburgh,1,Michael Young,33,33.2,6.6,14.5,0.454,5.3,10.8,0.492,1.3,3.7,0.344,5.2,6.7,0.778,6.8,2.7,0.6,0.8,2.1,1.8,19.6
Pittsburgh,2,Jamel Artis,32,34.3,6.1,12.9,0.475,3.8,7,0.545,2.3,5.9,0.392,3.6,4.9,0.734,4.9,3.3,0.4,0.3,2.6,1.9,18.2
Pittsburgh,3,Cameron Johnson,33,33.3,3.8,8.6,0.449,1.5,2.9,0.51,2.4,5.7,0.417,1.8,2.2,0.811,4.5,2.3,0.9,0.3,1.2,2.6,11.9
Pittsburgh,4,Sheldon Jeter,33,28.9,2.8,6.7,0.423,2,4.4,0.455,0.8,2.3,0.364,1.6,2.2,0.722,7.3,1.6,0.9,1,1.5,2.8,8.1
Pittsburgh,5,Chris Jones,32,32.1,2.4,5,0.472,2,3.8,0.529,0.4,1.3,0.3,2,3,0.684,3,2.2,0.6,0.3,1.7,2.3,7.2
Pittsburgh,6,Ryan Luther,21,19.3,2,3.7,0.538,1.6,2.7,0.589,0.4,1,0.409,1.3,1.7,0.75,3.9,0.7,0.2,0.7,1.6,2.3,5.7
Pittsburgh,7,Jonathan Milligan,27,8.4,0.7,2.3,0.286,0.1,0.5,0.154,0.6,1.9,0.32,0.3,0.3,0.875,0.3,0.6,0,0,0.5,0.7,2.2
Pittsburgh,8,Rozelle Nix,20,6.3,0.5,1.2,0.375,0.5,1.2,0.375,0,0,,0.5,0.7,0.692,2.6,0.1,0,0.2,0.4,1.7,1.4
Pittsburgh,9,Justice Kithcart,29,13.3,0.5,1.6,0.304,0.3,0.9,0.4,0.1,0.7,0.19,0.2,0.8,0.318,0.7,1.2,0.3,0.1,0.6,1.4,1.3
Pittsburgh,10,Ryan Seelye,2,2,0.5,0.5,1,0.5,0.5,1,0,0,,0,0,,0,0,0,0,0,0,1
Pittsburgh,11,Corey Manigault,18,4.4,0.3,1.1,0.25,0.3,0.9,0.294,0,0.2,0,0.3,0.4,0.625,0.8,0.1,0,0.1,0,0.7,0.8
Pittsburgh,12,Damon Wilson,29,6.3,0.3,1.1,0.258,0.3,0.7,0.421,0,0.4,0,0.2,0.4,0.583,0.5,0.3,0,0,0.4,0.7,0.8
Pittsburgh,13,Zach Smith,8,1.9,0,0.6,0,0,0,,0,0.6,0,0,0,,0.3,0,0,0,0.1,0.1,0
North Carolina State,1,Dennis Smith Jr.,32,34.8,6,13.1,0.455,4.3,8.3,0.509,1.7,4.8,0.359,4.5,6.3,0.715,4.6,6.2,1.9,0.4,3.4,2.1,18.1
North Carolina State,2,Terry Henderson,32,30.9,4.3,9.8,0.433,1.8,3.5,0.523,2.4,6.3,0.384,2.8,3.7,0.769,3.1,1.6,0.7,0.6,1.6,2.4,13.8
North Carolina State,3,Maverick Rowan,25,29.9,4.2,9.9,0.429,2.1,4,0.53,2.1,5.9,0.361,1.4,1.6,0.85,3.7,0.9,0.6,0.2,1.2,1.8,12
North Carolina State,4,Abdul-Malik Abu,32,28.5,4.8,9,0.529,4.8,8.9,0.537,0,0.1,0,2.2,3.1,0.717,7,1.1,0.4,0.9,2,3.1,11.8
North Carolina State,5,Torin Dorn,32,24,3.6,7.1,0.5,2.8,5.1,0.556,0.8,2.1,0.364,1.7,2.4,0.679,4.6,0.8,0.4,0.1,1.3,1.3,9.5
North Carolina State,6,Omer Yurtseven,22,18.9,2.4,5.3,0.457,2.4,5.1,0.46,0,0.1,0.333,1,1.5,0.719,4.4,1.2,0.2,0.7,1.3,2.8,5.9
North Carolina State,7,Ted Kapita,26,12.6,1.7,2.8,0.608,1.7,2.8,0.608,0,0,,0.9,1.1,0.821,3.4,0.3,0.1,0.3,1,1.9,4.3
North Carolina State,8,Markell Johnson,30,20.4,1.5,4.1,0.377,1.1,2.5,0.459,0.4,1.6,0.25,0.5,0.9,0.577,1.6,2.3,0.9,0.3,1.1,1.9,4
North Carolina State,9,BeeJay Anya,27,12.9,1,1.9,0.538,1,1.9,0.538,0,0,,0.7,1.6,0.442,2.5,0.4,0.1,1.2,0.7,2.1,2.8
North Carolina State,10,Shaun Kirk,14,4.6,0.6,1.1,0.563,0.4,0.4,1,0.2,0.7,0.3,0.3,0.4,0.8,0.9,0.1,0.1,0.1,0.4,0.6,1.8
North Carolina State,11,Chris Corchiani,5,1.4,0.4,1.2,0.333,0.4,1.2,0.333,0,0,,0.4,0.4,1,0,0.4,0,0,0.4,0.4,1.2
North Carolina State,12,Tucker Thompson,5,1.4,0.6,1,0.6,0.6,1,0.6,0,0,,0,0,,0.4,0,0,0,0,0.4,1.2
North Carolina State,13,Darius Hicks,21,6.3,0.1,0.4,0.25,0.1,0.3,0.286,0,0,0,0.2,0.8,0.235,1.1,0.3,0,0.1,0.3,0.8,0.4
North Carolina State,14,Chris Brickhouse,6,1.5,0,0.2,0,0,0.2,0,0,0,,0,0,,0.8,0.2,0,0.2,0.3,0,0
Boston College,1,Jerome Robinson,32,34,6.6,15.7,0.422,4.9,10.6,0.465,1.7,5.1,0.333,3.7,5.1,0.722,3.8,3.4,1.7,0.4,3.2,2.8,18.6
Boston College,2,Ky Bowman,32,28.8,5,10.2,0.492,3.1,5.8,0.524,1.9,4.3,0.449,2.3,3.3,0.712,4.8,2.9,1.2,0.1,2.9,2.4,14.3
Boston College,3,Jordan Chatman,32,24.8,2.7,6.5,0.418,0.9,2.2,0.42,1.8,4.3,0.417,1.3,1.4,0.913,2.2,1.1,0.6,0.2,1.1,1.7,8.6
Boston College,4,A.J. Turner,32,30.8,3,7.2,0.422,1.5,3.1,0.49,1.5,4.1,0.371,0.8,1.3,0.675,3.3,3,0.6,0.2,1,1.5,8.4
Boston College,5,Nik Popovic,29,13.8,2.7,5.5,0.491,2.5,4.9,0.514,0.2,0.6,0.294,0.6,1.1,0.531,3.5,0.4,0.1,0.3,1,2.4,6.1
Boston College,6,Connar Tava,32,25.3,2,4.3,0.478,1.8,3.3,0.562,0.2,1,0.194,1.7,2.5,0.663,5.4,2.1,0.7,0.3,2.2,2.7,5.9
Boston College,7,Mo Jeffers,32,20.3,2.3,4.7,0.497,2.3,4.7,0.497,0,0,,0.9,1.7,0.547,5.6,0.5,0.4,0.5,1.4,2.8,5.6
Boston College,8,Ty Graves,11,18.8,1.7,4.5,0.38,0.6,1.5,0.412,1.1,3,0.364,0.3,0.5,0.6,0.9,1.6,0,0.2,1.6,1.4,4.8
Boston College,9,Mike Sagay,15,4.5,0.7,1.9,0.379,0.5,1.5,0.318,0.3,0.5,0.571,0.3,0.7,0.4,0.9,0,0.1,0.1,0.5,0.4,2
Boston College,10,Garland Owens,28,10.5,0.8,1.8,0.42,0.6,1.2,0.515,0.1,0.6,0.235,0.3,0.5,0.571,2.3,0.8,0.1,0.2,0.6,1.3,1.9
Boston College,11,Johncarlos Reyes,21,6.4,0.7,1.3,0.536,0.7,1.3,0.536,0,0,,0.2,0.5,0.4,1.1,0.2,0.2,0.5,0.3,1,1.6
Boston College,12,Ervins Meznieks,9,4.6,0.3,1.1,0.3,0.1,0.2,0.5,0.2,0.9,0.25,0,0,,0.6,0.2,0.2,0.1,0.6,0.7,0.9
Boston College,13,Matt DiLuccio,1,1,0,0,,0,0,,0,0,,0,0,,0,0,0,0,0,0,0
Boston College,14,Gordon Gehan,3,1,0,0.7,0,0,0.3,0,0,0.3,0,0,0,,0,0,0,0,0,0,0
Boston College,15,Aser Ghebremichael,2,1,0,0,,0,0,,0,0,,0,0,,0.5,0,0,0,0,0,0
Kentucky,1,Malik Monk,38,32.1,6.6,14.7,0.45,3.9,7.8,0.497,2.7,6.9,0.397,3.9,4.7,0.822,2.5,2.3,0.9,0.5,2,1.9,19.8
Kentucky,2,De'Aaron Fox,36,29.6,5.9,12.4,0.478,5.5,10.5,0.52,0.5,1.9,0.246,4.3,5.9,0.739,3.9,4.6,1.5,0.2,2.4,2.5,16.7
Kentucky,3,Edrice Adebayo,38,30.1,4.5,7.5,0.599,4.5,7.4,0.601,0,0,0,4.1,6.2,0.653,8,0.8,0.7,1.5,1.7,2.6,13
Kentucky,4,Isaiah Briscoe,36,30.4,4.5,9.6,0.47,4.1,8,0.507,0.5,1.6,0.288,2.6,4.1,0.635,5.4,4.2,0.8,0.2,2.5,2.6,12.1
Kentucky,5,Derek Willis,38,21.9,2.6,5.4,0.478,1.3,2,0.653,1.3,3.4,0.377,0.6,0.8,0.688,5.4,0.9,0.7,1,0.7,2,7
Kentucky,6,Dominique Hawkins,38,19.2,1.5,3.7,0.403,0.9,2,0.453,0.6,1.7,0.344,1.2,1.4,0.83,1.6,1.7,0.8,0,0.5,2.1,4.7
Kentucky,7,Mychal Mulder,32,10.6,1.6,4,0.406,0.5,1,0.531,1.1,3,0.365,0.4,0.4,0.923,1.5,0.4,0.3,0.2,0.3,0.8,4.7
Kentucky,8,Wenyen Gabriel,38,17.7,1.6,3.9,0.405,1.1,2.2,0.471,0.5,1.7,0.317,0.9,1.4,0.618,4.8,0.7,0.3,0.9,0.8,2.4,4.6
Kentucky,9,Sacha Killeya-Jones,14,6.9,1.2,2.1,0.586,1.2,2.1,0.586,0,0,,0.4,1.1,0.4,2.2,0.1,0.1,0.7,0.5,1.4,2.9
Kentucky,10,Isaac Humphries,38,8.3,1.2,2.3,0.511,1.2,2.3,0.511,0,0,,0.4,0.7,0.6,2.8,0.2,0.2,0.5,0.4,1.5,2.8
Kentucky,11,Jonny David,7,1.6,0.1,0.3,0.5,0,0.1,0,0.1,0.1,1,0.3,0.6,0.5,0,0,0,0,0.4,0,0.7
Kentucky,12,Tai Wynyard,15,3.6,0.3,0.4,0.833,0.3,0.4,0.833,0,0,,0.1,0.2,0.333,0.9,0.1,0.1,0.2,0.1,0.7,0.7
Kentucky,13,Brad Calipari,15,3,0.1,0.9,0.154,0,0.1,0,0.1,0.8,0.167,0.1,0.3,0.4,0.2,0.1,0,0.1,0.1,0.2,0.5
Kentucky,14,Dillon Pulliam,6,1.3,0,0.2,0,0,0.2,0,0,0,,0,0,,0.2,0.2,0,0,0.2,0,0
Florida,1,KeVaughn Allen,36,28.6,4.7,10.6,0.439,2.5,4.8,0.523,2.2,5.9,0.37,2.5,2.9,0.883,2.4,1.5,1.3,0.3,1.3,1.6,14
Florida,2,Canyon Barry,35,21.3,3.5,8.3,0.422,2.3,4.7,0.488,1.2,3.6,0.336,3.2,3.7,0.883,2.8,0.6,0.5,0.4,0.9,1.2,11.4
Florida,3,Devin Robinson,36,26.4,3.9,8.3,0.475,2.8,5.3,0.524,1.2,3.1,0.391,2,2.8,0.723,6.1,0.6,0.9,0.8,1.1,2.3,11.1
Florida,4,Kasey Hill,36,28.9,3.5,8.7,0.404,3.3,7.4,0.437,0.3,1.2,0.205,2.4,3.7,0.662,2.9,4.4,1.7,0.1,3.1,2.3,9.7
Florida,5,John Egbunu,24,22.3,2.7,5.4,0.496,2.6,5.3,0.492,0,0,1,2.5,4.3,0.567,6.5,0.3,0.4,1.4,1.8,2.5,7.8
Florida,6,Justin Leon,36,22.3,2.6,5.9,0.432,1.2,2.5,0.478,1.4,3.4,0.398,0.9,1.2,0.791,4,0.5,0.5,0.1,0.8,2.3,7.4
Florida,7,Chris Chiozza,36,22.1,2.3,5.6,0.413,1.5,2.9,0.5,0.8,2.6,0.316,1.8,2.2,0.788,3.3,3.8,1.3,0,1.6,2.2,7.2
Florida,8,Kevarrius Hayes,36,18.3,2.1,3.6,0.602,2.1,3.5,0.606,0,0,0,1.9,2.8,0.673,4.4,0.2,0.7,1.6,0.8,2.4,6.2
Florida,9,Keith Stone,34,12.1,1.3,3.1,0.423,0.9,1.7,0.5,0.4,1.4,0.326,0.6,0.9,0.645,2.1,0.5,0.3,0.2,0.7,1.4,3.6
Florida,10,Eric Hester,18,6.2,0.8,1.3,0.652,0.2,0.2,1,0.6,1.1,0.579,0.1,0.2,0.5,0.6,0.3,0.3,0,0.2,0.7,2.4
Florida,11,Gorjok Gak,15,5.3,0.7,1.1,0.647,0.7,1.1,0.647,0,0,,0.1,0.7,0.1,1.5,0,0.1,0.2,0.5,0.9,1.5
Florida,12,Schuyler Rimmer,21,5.3,0.4,1,0.45,0.4,0.9,0.474,0,0,0,0.4,0.6,0.615,0.9,0.1,0,0.1,0.2,1,1.2
Arkansas,1,Dusty Hannahs,36,24.7,4.7,10.6,0.439,2.6,5.3,0.49,2.1,5.3,0.387,3,3.3,0.908,1.7,1.2,0.4,0.1,1.7,1.8,14.4
Arkansas,2,Daryl Macon,36,25.2,3.9,8.6,0.453,2.1,4,0.531,1.8,4.7,0.387,3.8,4.4,0.866,2.6,2.2,1.1,0.1,1.8,1.8,13.4
Arkansas,3,Jaylen Barford,36,25.4,4.8,11,0.438,4,8,0.503,0.8,3,0.266,2.3,3,0.752,3.8,2,1.2,0.2,1.9,2.3,12.8
Arkansas,4,Moses Kingsley,36,27.8,4.1,8.9,0.467,3.9,8.4,0.469,0.2,0.4,0.438,3.6,4.7,0.757,7.7,1.3,0.6,2.6,1.9,2.8,12
Arkansas,5,Anton Beard,36,21,2.4,5.9,0.404,1.5,3.4,0.439,0.9,2.5,0.356,1.6,2.1,0.747,2.1,1.9,1.1,0,1.1,1.9,7.2
Arkansas,6,Manuale Watkins,36,22.3,2.6,4.6,0.564,2.2,3.8,0.584,0.4,0.8,0.464,0.5,0.8,0.567,4,1.8,1.3,0,0.6,1.9,6
Arkansas,7,Dustin Thomas,36,18,2,4.1,0.486,2,4,0.497,0,0.1,0.2,1.3,1.9,0.657,3.8,1.1,0.6,0.3,1,2.9,5.3
Arkansas,8,Arlando Cook,36,11.3,1.1,2.5,0.438,1.1,2.5,0.438,0,0,,0.7,1,0.649,2.3,0.3,0.3,0.4,0.6,1.8,2.8
Arkansas,9,C.J. Jones,21,6,0.8,1.7,0.472,0.2,0.6,0.417,0.6,1.1,0.5,0.2,0.3,0.714,0.6,0.3,0,0.2,0.2,0.5,2.4
Arkansas,10,Trey Thompson,36,14,0.9,1.5,0.63,0.9,1.5,0.642,0,0,0,0.5,0.8,0.655,3.3,1.6,0.6,0.8,0.6,2.2,2.4
Arkansas,11,Adrio Bailey,27,7.4,0.8,1.4,0.564,0.8,1.4,0.564,0,0,,0.2,0.7,0.316,1.3,0.3,0.5,0.3,0.4,1.1,1.9
Arkansas,12,Jonathan Holmes,6,1.2,0.2,0.8,0.2,0.2,0.2,1,0,0.7,0,0,0,,0.2,0,0,0,0,0.2,0.3
Arkansas,13,Brachen Hazen,14,3.1,0.1,0.4,0.167,0.1,0.3,0.25,0,0.1,0,0.1,0.3,0.25,0.9,0.1,0,0,0.3,0.4,0.2
South Carolina,1,Sindarius Thornwell,31,33.9,6.3,14.1,0.445,4.4,9.4,0.471,1.9,4.7,0.395,6.9,8.4,0.83,7.2,2.8,2.1,1,2.5,2.3,21.4
South Carolina,2,PJ Dozier,36,28.7,5.3,13,0.407,4.1,9.1,0.454,1.2,3.9,0.298,2.1,3.6,0.597,4.8,2.8,1.7,0.3,2.2,2.8,13.9
South Carolina,3,Chris Silva,37,20.9,3.3,6.3,0.526,3.3,6.3,0.528,0,0,0,3.6,4.8,0.753,6.1,0.4,0.6,1.4,1.9,3.8,10.3
South Carolina,4,Duane Notice,37,32.7,3.3,8.4,0.392,1.4,2.9,0.486,1.9,5.5,0.342,1.7,2.6,0.674,2.5,2.3,1,0.2,1.4,1.4,10.2
South Carolina,5,Maik Kotsar,37,23.9,2.6,5.4,0.49,2.6,5.4,0.49,0,0,,0.6,1.4,0.396,4.8,0.7,0.7,0.4,1.2,3.2,5.8
South Carolina,6,Rakym Felder,36,14.9,1.7,4.2,0.407,0.8,1.9,0.386,0.9,2.2,0.425,1.2,1.9,0.657,1.5,1.3,0.6,0.1,1.4,1.4,5.6
South Carolina,7,Justin McKie,37,16.6,1.6,4,0.389,0.9,2.1,0.434,0.7,2,0.342,0.4,0.6,0.625,2.1,1.2,0.6,0.1,0.6,1.4,4.2
South Carolina,8,Hassani Gravett,35,17,1.1,3.8,0.299,0.7,1.9,0.385,0.4,2,0.217,0.6,0.9,0.645,1.6,1.4,0.4,0,1.1,1.4,3.3
South Carolina,9,TeMarcus Blanton,21,5.9,0.5,1.2,0.385,0.3,0.7,0.429,0.2,0.6,0.333,0.2,0.4,0.5,1,0.1,0.3,0,0.3,0.5,1.3
South Carolina,10,Evan Hinson,8,4.1,0.4,1,0.375,0.3,0.4,0.667,0.1,0.6,0.2,0.3,0.3,1,0.6,0.1,0.3,0,0,0.4,1.1
South Carolina,11,Sedee Keita,29,9.6,0.4,1.5,0.273,0.4,1.5,0.279,0,0,0,0.3,0.6,0.444,2,0.1,0.2,0.4,0.5,1.4,1.1
South Carolina,12,Ran Tut,12,6.1,0.5,1.3,0.4,0.5,1.2,0.429,0,0.1,0,0,0,,1.3,0.2,0.3,0.3,0.1,0.3,1
South Carolina,13,Jarrell Holliman,15,5.9,0.2,0.5,0.375,0.2,0.5,0.375,0,0,,0.1,0.1,1,0.7,0.1,0,0.1,0.1,1.1,0.5
South Carolina,14,Khadim Gueye,28,7.4,0.1,0.4,0.25,0.1,0.4,0.25,0,0,,0.2,0.3,0.625,0.9,0.1,0.1,0.3,0.4,1.5,0.4
South Carolina,15,Tommy Corchiani,5,2.2,0,0,,0,0,,0,0,,0,0,,0.2,0,0,0,0.2,0.8,0
South Carolina,16,Christian Schmitt,5,1.4,0,0.2,0,0,0,,0,0.2,0,0,0,,0,0,0,0,0.4,0.2,0
Ole Miss,1,Deandre Burnett,33,30,4.2,11.8,0.355,2,6,0.335,2.2,5.9,0.376,5.8,6.6,0.881,2.1,3.2,1,0.2,2.8,1.8,16.5
Ole Miss,2,Sebastian Saiz,36,33.3,5,10.7,0.469,4.4,8.7,0.511,0.6,2,0.288,4.4,6,0.744,11.4,1,1,1.1,2.2,3.2,15.1
Ole Miss,3,Terence Davis,36,25.3,5.6,11.5,0.482,4.2,7.4,0.563,1.4,4.1,0.333,2.4,3.3,0.723,5.3,1.8,1.4,0.5,2.1,3.2,14.9
Ole Miss,4,Cullen Neal,36,23.5,2.8,6.7,0.411,1,2.4,0.414,1.8,4.3,0.409,2.2,2.5,0.876,1.7,2.1,0.4,0,1.5,2,9.4
Ole Miss,5,Breein Tyree,34,19.1,2.5,6.7,0.373,1.7,4.1,0.411,0.8,2.6,0.31,1.5,2.2,0.703,1.9,1.9,0.6,0,2.1,1.6,7.3
Ole Miss,6,Rasheed Brooks,33,22.3,2.2,6.4,0.351,1,2.7,0.364,1.3,3.7,0.341,0.6,0.7,0.913,2.6,1.6,0.8,0.2,1.3,1.3,6.4
Ole Miss,7,Justas Furmanavicius,36,25,2,4.3,0.477,1.8,3.4,0.533,0.2,0.9,0.258,2,3.2,0.617,5,1.1,0.7,1.1,1,2.9,6.3
Ole Miss,8,Marcanvis Hymon,36,21.8,1.4,2.8,0.51,1.4,2.8,0.515,0,0,0,0.6,1.6,0.404,5,0.6,0.7,1,1.1,2.9,3.5
Ole Miss,9,Donte Fitzpatrick-Dorsey,22,6.7,0.5,1.2,0.37,0.5,1,0.455,0,0.2,0,0.5,0.5,0.917,1.1,0.4,0.2,0,0.6,0.7,1.4
Ole Miss,10,Lane Below,4,2.3,0.3,0.5,0.5,0.3,0.5,0.5,0,0,,0,0,,0,0,0,0,0,0.3,0.5
Ole Miss,11,Karlis Silins,8,4.9,0.1,0.4,0.333,0.1,0.4,0.333,0,0,,0.3,0.5,0.5,0.6,0,0.1,0.1,0.3,1,0.5
Ole Miss,12,Nate Morris,7,5.1,0,0.7,0,0,0.7,0,0,0,,0,0,,1,0,0,0.4,0.4,1.1,0
Alabama,1,Braxton Key,34,29.8,4.1,9.4,0.433,3.1,6.6,0.478,0.9,2.9,0.33,2.9,4.5,0.634,5.7,2.5,0.6,0.6,3.1,2.5,12
Alabama,2,Dazon Ingram,34,27.5,3.5,6.7,0.52,2.9,5.2,0.545,0.6,1.4,0.429,3,4.6,0.66,4.5,3.3,0.9,0.2,2.5,2.6,10.6
Alabama,3,Riley Norris,34,27.3,3.1,7.6,0.407,1.7,3.4,0.496,1.4,4.1,0.333,1.4,1.9,0.738,3.8,0.7,0.7,0.1,1.1,2.2,9
Alabama,4,Corban Collins,32,21.8,2.2,6.2,0.352,0.8,2.2,0.357,1.4,4,0.349,1.2,1.9,0.65,1.8,1.5,0.6,0,0.9,1.8,7
Alabama,5,Avery Johnson,34,19.5,2.5,7.5,0.331,1.5,4.4,0.345,1,3.1,0.311,0.9,1.2,0.762,1.7,1.4,0.7,0,1.1,1.7,6.9
Alabama,6,Ar'Mond Davis,32,13.8,2.1,6.3,0.333,1.1,2.5,0.432,1,3.8,0.267,0.8,1,0.818,1.5,0.1,0.4,0.1,0.6,0.7,6
Alabama,7,Donta Hall,34,19.7,2.3,3.5,0.658,2.3,3.5,0.658,0,0,,1.3,2.2,0.6,5.5,0.5,0.5,1.4,0.9,2.5,6
Alabama,8,Jimmie Taylor,34,18,2.1,3.6,0.577,2.1,3.6,0.577,0,0,,0.9,1.9,0.492,3.7,0.6,0.4,1.4,1.1,2.5,5.1
Alabama,9,Shannon Hale,21,11.7,1.1,3.6,0.316,0.8,1.7,0.457,0.4,2,0.195,1.5,2.1,0.705,1.5,0.3,0.2,0.3,1,1.4,4.1
Alabama,10,Nick King,7,12.7,1.1,3.6,0.32,0.7,1.7,0.417,0.4,1.9,0.231,0.6,0.9,0.667,2.9,0.4,0.7,0.3,1,0.4,3.3
Alabama,11,Bola Olaniyan,33,16.1,1.2,2.3,0.513,1.2,2.3,0.513,0,0,,0.7,1.2,0.6,6.4,0.4,0.7,0,1.3,2.1,3.1
Alabama,12,Lawson Schaffer,15,1.9,0.3,0.7,0.4,0,0.1,0,0.3,0.5,0.5,0.3,0.3,1,0.3,0.3,0.2,0,0.1,0.1,1.1
Alabama,13,Brandon Austin,7,6.4,0.1,2.7,0.053,0.1,1.9,0.077,0,0.9,0,0.3,0.7,0.4,0.6,0.1,0.1,0.1,0.1,0.4,0.6
Alabama,14,Landon Fuller,2,2,0,0,,0,0,,0,0,,0,0,,0,0,0,0,0,0,0
Vanderbilt,1,Matthew Fisher-Davis,34,27.9,4.3,10.6,0.404,1.8,3.9,0.459,2.5,6.6,0.372,2.9,3.6,0.81,3.2,1,0.6,0.2,1.5,2.1,13.9
Vanderbilt,2,Luke Kornet,35,31.5,4.1,10.2,0.406,2.6,5.6,0.472,1.5,4.6,0.327,3.4,4,0.857,6.2,1.2,0.5,2,1.3,2.3,13.2
Vanderbilt,3,Jeff Roberson,35,31.7,3.5,8.4,0.416,2.4,5.1,0.466,1.1,3.3,0.339,2.7,3.5,0.793,7,1.7,0.8,0.4,1.8,2.6,10.8
Vanderbilt,4,Riley LaChance,35,31.1,3.3,7.1,0.466,1.3,2.9,0.437,2,4.1,0.486,1.9,2.2,0.872,3.3,3.9,0.6,0,1.9,2.1,10.5
Vanderbilt,5,Nolan Cressler,35,23.7,3.1,5.9,0.514,2.1,3.6,0.567,1,2.3,0.432,0.7,0.9,0.697,4.2,1.7,0.5,0,1.3,1.7,7.8
Vanderbilt,6,Joe Toye,35,21.1,2,5,0.4,1.1,2.8,0.402,0.9,2.2,0.397,1.5,2.2,0.679,2.6,1.1,0.4,0.1,1.3,2,6.4
Vanderbilt,7,Payton Willis,35,17.5,1.8,4.1,0.437,1.1,1.8,0.597,0.7,2.3,0.313,0.9,1.5,0.627,1.8,1.8,0.5,0.2,1.6,1,5.2
Vanderbilt,8,Djery Baptiste,35,7.8,0.7,1.4,0.521,0.7,1.4,0.521,0,0,,0.4,0.6,0.65,1.9,0,0.1,0.4,0.7,1.7,1.8
Vanderbilt,9,Camron Justice,7,9.3,0.6,2.3,0.25,0.4,1.1,0.375,0.1,1.1,0.125,0.4,0.9,0.5,0.9,1,0.4,0,0.6,0.7,1.7
Vanderbilt,10,Clevon Brown,34,7.6,0.6,1.5,0.392,0.4,0.7,0.5,0.2,0.8,0.296,0.2,0.4,0.583,1.5,0.1,0,0.4,0.5,1,1.6
Vanderbilt,11,Phillip McGloin,2,0,0,0,,0,0,,0,0,,0,0,,0,0,0,0,0,0.5,0
Georgia,1,J.J. Frazier,34,34.6,5.9,14.4,0.406,4.2,9.1,0.466,1.6,5.3,0.304,5.5,6.2,0.886,3.8,4.1,1.9,0.1,2.4,2.4,18.8
Georgia,2,Yante Maten,29,29,6.2,11.9,0.519,5.4,10.4,0.523,0.7,1.5,0.488,5.1,7.2,0.716,6.8,1.5,0.7,1.5,2.5,2.8,18.2
Georgia,3,Juwan Parker,32,26.8,3.3,8.7,0.383,3.1,7.1,0.434,0.3,1.6,0.157,2.4,2.8,0.856,5.3,1.8,0.6,0.1,1.7,2.2,9.3
Georgia,4,Derek Ogbeide,34,23.2,3,5.2,0.567,3,5.2,0.567,0,0,,1.1,1.9,0.576,7.6,0.6,0.4,1.1,1.3,2.7,7.1
Georgia,5,Jordan Harris,30,16.5,1.5,3.5,0.434,0.8,1.9,0.421,0.7,1.6,0.449,0.9,1.2,0.73,1.4,1.5,0.5,0.2,1.9,1.6,4.7
Georgia,6,Mike Edwards,34,18.1,1.6,3.1,0.524,1.6,3.1,0.529,0,0,0,1.1,1.8,0.623,3.6,0.2,0.3,0.2,1.1,2.2,4.4
Georgia,7,William Jackson II,34,17.5,1.4,4,0.356,0.6,1.7,0.373,0.8,2.2,0.342,0.5,0.7,0.708,1.2,1.1,0.4,0.2,0.8,1.2,4.1
Georgia,8,Tyree Crump,28,7.4,1.2,3.4,0.347,0.5,1.3,0.378,0.7,2.1,0.328,0.6,0.6,0.889,0.7,0.5,0.1,0,0.5,0.4,3.6
Georgia,9,Pape Diatta,33,10.8,0.8,2.1,0.406,0.6,1.3,0.476,0.2,0.8,0.296,0.7,0.9,0.742,1.9,0.5,0.2,0.1,0.8,1.2,2.6
Georgia,10,E'Torrion Wilridge,29,16.2,0.8,1.7,0.458,0.4,0.7,0.619,0.3,0.9,0.333,0.2,0.6,0.412,1.6,1.2,0.4,0.4,0.6,0.9,2.1
Georgia,11,Kenny Paul Geno,28,9,0.5,1.1,0.438,0.3,0.5,0.538,0.3,0.7,0.368,0.2,0.3,0.667,1.3,0.5,0.1,0.1,0.1,1.3,1.5
Georgia,12,Houston Kessler,29,6.3,0.2,0.6,0.278,0.2,0.4,0.385,0,0.2,0,0.1,0.2,0.6,1.1,0,0.1,0,0.1,1.2,0.4
Georgia,13,Connor O'Neill,4,1.5,0,0.3,0,0,0.3,0,0,0,,0,0,,0.8,0,0,0,0.5,0.5,0
Georgia,14,Brandon Young,7,1.3,0,0.6,0,0,0.4,0,0,0.1,0,0,0,,0.1,0,0,0,0,0,0
Texas A&M,1,Tyler Davis,31,26.2,5.4,8.7,0.619,5.4,8.7,0.621,0,0,0,3.4,4.9,0.693,7,1.4,0.5,1,2.7,2.6,14.2
Texas A&M,2,Admon Gilder,31,34.6,4.7,11,0.429,2.8,6,0.473,1.9,5,0.377,2.4,3.3,0.743,3.9,3.9,1.9,0.3,2.7,2.2,13.7
Texas A&M,3,DJ Hogg,22,29.6,4.4,11.1,0.398,2.4,5.6,0.427,2,5.5,0.367,1.1,2,0.568,5.1,3.4,1,1,2.7,2.1,12
Texas A&M,4,Robert Williams,31,25.8,4.9,8.9,0.556,4.9,8.3,0.588,0.1,0.6,0.111,1.9,3.2,0.59,8.1,1.4,0.7,2.5,1.7,1.8,11.8
Texas A&M,5,Tonny Trocha-Morelos,31,26.9,3.1,7.7,0.406,2.4,4.9,0.484,0.7,2.8,0.267,1.1,1.7,0.673,5.2,2.1,0.8,1,1.5,1.9,8.1
Texas A&M,6,J.C. Hampton,31,25,1.9,4.9,0.392,0.5,1.6,0.347,1.4,3.4,0.413,1.4,1.8,0.786,2,1.8,0.5,0,1.1,2,6.7
Texas A&M,7,Tavario Miller,31,10.5,1.2,2.6,0.475,1.2,2.5,0.481,0,0,0,0.6,1.3,0.487,2.7,0.2,0.1,0.1,0.6,1.4,3.1
Texas A&M,8,Eric Vila,20,11.9,0.8,2.6,0.294,0.5,1.4,0.321,0.3,1.2,0.261,0.5,0.8,0.563,2,0.9,0.5,0,0.7,0.8,2.3
Texas A&M,9,Caleb Smith,14,7.2,0.6,1.6,0.409,0.5,1,0.5,0.1,0.6,0.25,0.2,0.4,0.5,0.9,0.5,0.2,0,0.2,0.5,1.6
Texas A&M,10,Chris Collins,27,13.7,0.5,1.6,0.302,0.2,0.4,0.5,0.3,1.2,0.242,0.1,0.3,0.429,1,1.4,0.2,0.1,0.9,1.4,1.4
Texas A&M,11,Mark French,3,1.3,0.3,1,0.333,0,0.3,0,0.3,0.7,0.5,0.3,0.7,0.5,0,0,0,0,0.3,0.3,1.3
Texas A&M,12,Kobie Eubanks,16,7.3,0.4,1.8,0.241,0.3,0.5,0.625,0.1,1.3,0.095,0,0.3,0,0.9,0.1,0,0.1,0.5,0.6,1
Texas A&M,13,Chase Carlton,12,7.8,0.1,0.4,0.2,0.1,0.2,0.5,0,0.3,0,0,0.3,0,0.3,0.9,0.3,0,0.3,1.8,0.2
Texas A&M,14,Frank Byers,3,1,0,0,,0,0,,0,0,,0,0,,0.3,0.3,0,0,0.3,0,0
Texas A&M,15,Kyle Nugent,2,1,0,0,,0,0,,0,0,,0,0,,0,0,0,0,0,0,0
Tennessee,1,Robert Hubbs,32,31.6,5.3,11.4,0.467,5.2,10.6,0.491,0.1,0.8,0.154,2.9,3.5,0.838,4.6,1.7,0.7,0.2,1.5,1.8,13.7
Tennessee,2,Grant Williams,32,25.4,4.1,8.2,0.504,3.8,7.2,0.522,0.4,1,0.375,3.9,5.9,0.667,5.9,1.1,0.8,1.9,1.9,3.3,12.6
Tennessee,3,Detrick Mostella,15,21.5,3.5,8.7,0.405,1.8,4.1,0.443,1.7,4.7,0.371,1.7,2.5,0.703,3.9,1.2,0.4,0.4,1.5,2.1,10.5
Tennessee,4,Admiral Schofield,28,19,2.8,6.1,0.453,2,4.2,0.483,0.8,1.9,0.389,1.9,2.4,0.779,4.4,0.8,0.3,0.2,1.1,2.3,8.2
Tennessee,5,Lamonte Turner,32,20.7,2.4,6.7,0.355,1.1,2.8,0.393,1.3,3.9,0.328,2.2,2.8,0.769,2.5,2.7,0.6,0.2,1.7,2.1,8.2
Tennessee,6,Jordan Bowden,30,22.8,2.5,6.7,0.371,1.3,3,0.44,1.2,3.7,0.315,1.8,2.1,0.841,2.9,1.3,0.9,0.2,0.7,2.1,7.9
Tennessee,7,Jordan Bone,23,19.6,2.7,7.1,0.372,2,5.1,0.398,0.6,2,0.304,1.3,1.7,0.769,1.7,2.9,0.5,0,1.4,1.3,7.2
Tennessee,8,Shembari Phillips,31,20.8,1.9,4.9,0.384,1.3,3.3,0.388,0.6,1.5,0.375,1.9,2.4,0.773,3.1,1.7,0.6,0.1,1.4,2.4,6.2
Tennessee,9,John Fulkerson,10,16,1.7,3,0.567,1.7,3,0.567,0,0,,1.3,2,0.65,4.6,1,1.1,0.9,0.8,2.3,4.7
Tennessee,10,Lew Evans,32,14.8,0.9,2.7,0.345,0.5,1.3,0.395,0.4,1.4,0.295,1.2,1.7,0.685,2.8,0.9,0.3,0.2,0.8,2.3,3.4
Tennessee,11,Kyle Alexander,32,14,1.3,2.8,0.466,1.3,2.6,0.488,0,0.2,0.167,0.7,1.4,0.5,4,0.2,0.2,1,0.5,1.7,3.3
Tennessee,12,Brad Woodson,5,2.8,0.4,1.4,0.286,0.2,0.6,0.333,0.2,0.8,0.25,0.4,0.4,1,0,0.2,0.2,0.2,0,0.2,1.4
Tennessee,13,Lucas Campbell,3,1.7,0,0,,0,0,,0,0,,1.3,2,0.667,0,0,0,0,0,0,1.3
Tennessee,14,Kwe Parker,25,8.1,0.4,1.2,0.323,0.3,0.7,0.389,0.1,0.5,0.231,0,0.3,0.125,0.8,0.9,0.2,0.1,0.9,1.2,1
Auburn,1,Mustapha Heron,32,28.2,4.8,10.8,0.442,3.4,7.5,0.45,1.4,3.3,0.423,4.3,5.6,0.77,6.1,1.3,0.8,0.2,2.4,2.7,15.2
Auburn,2,Danjel Purifoy,29,28.7,3.3,8.4,0.398,1.3,2.9,0.452,2,5.5,0.369,2.8,3.1,0.879,4.7,1.8,1.4,0.2,1.6,2.2,11.5
Auburn,3,Jared Harper,32,24.2,3.3,8.4,0.385,1.6,3.5,0.442,1.7,4.9,0.344,3.2,4.6,0.705,1.9,3,1.2,0.1,1.5,1.8,11.4
Auburn,4,Austin Wiley,23,18,3.2,5.4,0.584,3.2,5.4,0.584,0,0,,2.4,5,0.491,4.7,0.2,0.2,1.3,1.8,2.6,8.8
Auburn,5,T.J. Dunans,31,24.3,3.4,8.7,0.387,2.9,6.4,0.452,0.5,2.3,0.208,0.9,1.7,0.547,3.5,2.5,1,0.7,2.3,2.1,8.2
Auburn,6,Ronnie Johnson,32,16.4,2.8,6.6,0.433,2.1,4.5,0.458,0.8,2.1,0.379,1.3,1.9,0.717,1.8,2.3,0.7,0,1.2,1,7.8
Auburn,7,Bryce Brown,28,21.1,2.4,6.8,0.36,0.4,1.8,0.245,2,5,0.4,0.6,1,0.667,2,1.3,0.9,0.2,0.9,1.8,7.5
Auburn,8,Anfernee McLemore,32,15.1,2.2,3.2,0.683,2.1,3.1,0.68,0,0,1,1.1,1.8,0.603,4.5,0.1,0.4,1.2,0.9,2.4,5.4
Auburn,9,Horace Spencer,19,16.3,1.9,3.5,0.561,1.9,3.4,0.569,0,0.1,0,0.9,1.9,0.5,3.4,0.5,0.7,1.5,0.9,3.1,4.8
Auburn,10,TJ Lang,29,16.4,1.2,3,0.398,0.2,0.4,0.417,1,2.6,0.395,0.9,1.3,0.667,1.8,0.5,0.3,0.1,0.6,1.9,4.3
Auburn,11,LaRon Smith,24,12,1,1.9,0.533,1,1.9,0.533,0,0,,0.6,1.2,0.517,2.4,0.3,0.3,1,0.7,2.3,2.6
Auburn,12,Will Macoy,4,2,0.8,1.5,0.5,0.3,0.3,1,0.5,1.3,0.4,0,0,,0.3,0,0.3,0,0,0,2
Auburn,13,Patrick Keim,5,1.8,0.2,0.6,0.333,0,0.2,0,0.2,0.4,0.5,0.2,0.4,0.5,0.6,0.2,0,0,0.2,0,0.8
Auburn,14,Devin Waddell,10,7.5,0.2,0.6,0.333,0,0.2,0,0.2,0.4,0.5,0.1,0.3,0.333,0.6,0.3,0,0,0.3,0.6,0.7
Auburn,15,Cole Blackstock,3,1.7,0,0,,0,0,,0,0,,0,0,,0.7,0,0,0,0,0.7,0
Auburn,16,Mike Cohen,2,2,0,0,,0,0,,0,0,,0,0,,0,0.5,0,0,0,0,0
Auburn,17,Trey Tate,2,2,0,0.5,0,0,0,,0,0.5,0,0,0,,0,0,0,0,0,0.5,0
Mississippi State,1,Quinndary Weatherspoon,29,31.9,6,12.7,0.469,4.3,8.4,0.519,1.6,4.3,0.373,2.9,3.8,0.766,5.1,1.8,1.7,0.3,2.2,2.3,16.5
Mississippi State,2,Lamar Peters,30,24.6,3.4,8.9,0.387,1.5,3.5,0.419,2,5.4,0.366,1.9,2.5,0.747,2.3,3.4,1.1,0.2,2.3,2.7,10.7
Mississippi State,3,Mario Kegler,32,28.2,3.3,7.9,0.421,2.1,4.3,0.485,1.3,3.6,0.345,1.8,2.8,0.659,5.5,1.2,0.7,0.3,1.9,2.4,9.7
Mississippi State,4,Aric Holman,32,23.3,3.3,6.6,0.498,2.9,5.1,0.574,0.4,1.5,0.245,1.5,2.3,0.653,6,0.6,0.7,2,1.7,2.5,8.5
Mississippi State,5,I.J. Ready,28,28.6,2.8,6.7,0.42,2.4,5.1,0.472,0.4,1.6,0.25,1.8,2.1,0.862,2.7,4.5,1.6,0,1.9,1.3,7.8
Mississippi State,6,Tyson Carter,32,20.2,2.6,6.6,0.398,1.3,2.8,0.449,1.4,3.8,0.361,0.8,1,0.818,1.7,0.7,0.7,0.1,0.4,1.4,7.5
Mississippi State,7,Xavian Stapleton,23,16.7,2.5,5.6,0.453,1.7,3.2,0.541,0.8,2.3,0.333,1.2,1.9,0.636,2.9,0.3,1,0.4,0.9,2.9,7
Mississippi State,8,Schnider Herard,32,18.6,1.8,3.2,0.549,1.8,3.2,0.549,0,0,,1.6,3.2,0.495,5,0.2,0.1,0.3,1.5,2.1,5.1
Mississippi State,9,Eli Wright,30,13.1,1.2,2.3,0.529,0.8,1.4,0.61,0.4,0.9,0.407,0.7,1,0.71,1.6,0.2,0.4,0.1,0.5,1.7,3.5
Mississippi State,10,Drew Davis,6,2,0.7,1.3,0.5,0.2,0.7,0.25,0.5,0.7,0.75,0,0,,0.2,0.3,0.2,0,0.3,0,1.8
Mississippi State,11,E.J. Datcher,31,7.4,0.4,1,0.406,0.4,1,0.406,0,0,,0.2,0.3,0.556,1.5,0,0.2,0.6,0.3,1.9,1
Mississippi State,12,L.J. Singleton,7,3.9,0.3,1,0.286,0.1,0.4,0.333,0.1,0.6,0.25,0,0,,0.6,0.3,0.1,0.1,0.1,0.4,0.7
Mississippi State,13,Joe Strugg,6,2.5,0.2,0.7,0.25,0,0.2,0,0.2,0.5,0.333,0,0,,0.5,0,0,0,0.7,0.3,0.5
Mississippi State,14,Miles Washington,6,2.2,0.2,0.5,0.333,0.2,0.3,0.5,0,0.2,0,0,0,,0,0,0,0.2,0,0.5,0.3
LSU,1,Antonio Blakeney,31,32.8,6.3,13.7,0.458,4.5,8.9,0.511,1.7,4.8,0.358,3,4.1,0.724,4.8,1.7,0.7,0.1,2.1,1.6,17.2
LSU,2,Duop Reath,31,27.7,5.1,9.9,0.51,4.7,8.8,0.535,0.4,1.1,0.314,1.5,2.5,0.603,6.2,0.8,0.5,1.5,2.1,3.4,12
LSU,3,Brandon Sampson,31,27.5,3.9,8.2,0.472,2.6,4.5,0.583,1.3,3.7,0.339,2.5,3.2,0.78,3.1,1.4,0.6,0.5,2,1.8,11.5
LSU,4,Craig Victor,8,25.3,4,9.9,0.405,4,9.6,0.416,0,0.3,0,2.5,3.8,0.667,7.6,1,1.3,0.6,1.5,2.8,10.5
LSU,5,Skylar Mays,31,22.9,2.7,6.5,0.414,2,4.5,0.453,0.7,2.1,0.328,2.2,2.7,0.812,2.2,3.6,1.3,0.1,2.2,1.8,8.3
LSU,6,Wayde Sims,31,19,2.5,4.9,0.503,2,3.8,0.529,0.5,1.1,0.412,1,1.4,0.744,3.8,0.5,0.7,0.5,1,1.7,6.5
LSU,7,Aaron Epps,30,17.2,2.4,4.8,0.493,1.9,3.7,0.509,0.5,1.1,0.438,1,1.4,0.674,4.4,0.4,0.2,0.4,1.4,2.8,6.2
LSU,8,Jalyn Patterson,31,22.2,2.1,5.5,0.38,1.2,2.3,0.507,0.9,3.2,0.29,0.6,1,0.625,3,3,1.2,0.1,1.7,1.3,5.8
LSU,9,Elbert Robinson,22,6.4,0.8,1.3,0.607,0.8,1.3,0.607,0,0,,0.5,1.3,0.414,1.4,0.3,0.1,0.3,0.9,1.8,2.1
LSU,10,Brandon Eddlestone,12,8.3,0.6,1.2,0.5,0.4,0.8,0.5,0.2,0.3,0.5,0.2,0.3,0.5,2.2,0.1,0,0.1,0.3,1,1.5
LSU,11,Branden Jenkins,19,8,0.4,2.1,0.2,0.2,1.4,0.148,0.2,0.7,0.308,0.2,0.6,0.364,0.6,0.6,0.3,0.1,0.4,0.9,1.3
LSU,12,Kieran Hayward,26,8.2,0.4,1.7,0.222,0,0.5,0.071,0.3,1.2,0.29,0.1,0.2,0.6,1.1,0.3,0.2,0.1,0.2,1.2,1.2
LSU,13,Brian Bridgewater,23,4.5,0.4,0.9,0.476,0.4,0.9,0.476,0,0,,0.3,0.3,0.857,0.8,0.1,0.1,0,0.3,0.9,1.1
LSU,14,Marshall Graves,15,3.2,0.1,0.6,0.111,0.1,0.2,0.333,0,0.4,0,0.1,0.2,0.667,0.3,0.2,0.1,0,0.2,0.5,0.3
LSU,15,Reed Vial,6,1.2,0,0,,0,0,,0,0,,0.2,0.3,0.5,0.2,0,0,0,0.2,0,0.2
Missouri,1,Jordan Barnett,23,27.4,4.4,10,0.437,2.8,4.8,0.586,1.6,5.2,0.3,1.9,2.4,0.782,5.7,0.6,0.6,0.4,1.3,2,12.2
Missouri,2,Kevin Puryear,32,29.6,4.1,10.1,0.409,3.5,8.2,0.429,0.6,1.9,0.323,2.9,3.9,0.736,6,0.9,0.4,0.3,1.8,2.4,11.8
Missouri,3,Terrence Phillips,32,28.3,3.1,8.6,0.365,1.5,3.9,0.376,1.7,4.7,0.356,2.5,3.2,0.794,3.7,4.4,1.4,0.1,2.5,3.6,10.4
Missouri,4,Frankie Hughes,30,19.3,2.6,8.7,0.296,1.1,3.1,0.348,1.5,5.6,0.268,1,1.8,0.566,2.6,1.2,0.6,0.1,1.3,1.5,7.6
Missouri,5,Jordan Geist,32,22.1,2.1,5.7,0.363,1.4,3.3,0.419,0.7,2.4,0.286,2.2,2.9,0.755,2.9,2,0.7,0,1.2,1.7,7
Missouri,6,K.J. Walton,32,19,2.2,5.5,0.394,2,4.8,0.421,0.2,0.7,0.217,2.2,3.6,0.603,3.3,1,1.2,0,1.2,1.7,6.7
Missouri,7,Russell Woods,32,22.2,2.3,4.7,0.483,2.3,4.7,0.483,0,0,,2.1,3.6,0.588,4.3,0.4,0.3,0.2,1.1,3.3,6.7
Missouri,8,Willie Jackson,11,16.9,2.6,4.8,0.547,2.6,4.7,0.558,0,0.1,0,0.6,0.9,0.7,4.6,0.4,0.3,0.5,1.2,1.6,5.9
Missouri,9,Cullen VanLeer,32,23.7,1.8,5,0.363,0.4,0.9,0.5,1.4,4.1,0.333,0.6,0.8,0.833,1.8,1.3,0.7,0.3,0.8,2.1,5.6
Missouri,10,Reed Nikko,27,10.9,1,2,0.509,1,2,0.509,0,0,,0.5,0.9,0.52,2.3,0.4,0.3,0.7,0.4,1.8,2.6
Missouri,11,Mitchell Smith,11,7.5,0.9,1.5,0.588,0.9,1.5,0.588,0,0,,0.5,1.3,0.429,1.7,0.2,0.3,0.4,0.6,1.5,2.4
Missouri,12,Adam Wolf,10,2.2,0.1,0.5,0.2,0.1,0.3,0.333,0,0.2,0,0,0,,0.3,0,0.1,0,0,0.3,0.2
Missouri,13,Trevor Glassman,7,1.9,0,0.9,0,0,0.1,0,0,0.7,0,0,0,,0.7,0.1,0.3,0,0.3,0.1,0
Missouri,14,Jakoby Kemp,1,0,0,0,,0,0,,0,0,,0,0,,0,0,0,0,0,0,0
Missouri,15,Brett Rau,5,1.4,0,0.2,0,0,0.2,0,0,0,,0,0,,0.4,0,0.2,0,0.2,0,0
Arizona,1,Allonzo Trier,18,31.9,5.1,11,0.46,3.2,6.2,0.514,1.9,4.8,0.391,5.2,6.4,0.81,5.3,2.7,0.4,0.1,1.7,1.8,17.2
Arizona,2,Lauri Markkanen,37,30.8,5,10.2,0.492,3.1,5.8,0.545,1.9,4.4,0.423,3.7,4.4,0.835,7.2,0.9,0.4,0.5,1.1,2,15.6
Arizona,3,Rawle Alkins,37,28,3.9,8.4,0.463,2.7,5.1,0.521,1.2,3.2,0.37,2,2.7,0.733,4.9,2.1,0.9,0.5,1.8,2.2,10.9
Arizona,4,Dusan Ristic,36,22.8,4.6,8.2,0.556,4.5,8.1,0.556,0,0.1,0.5,1.7,2.3,0.765,5.5,0.4,0.3,0.4,1.1,2.1,10.9
Arizona,5,Kadeem Allen,34,30,3.1,6.9,0.453,2.2,4.7,0.466,0.9,2.2,0.427,2.5,3.4,0.741,4,3,1.6,0.6,1.9,2.4,9.8
Arizona,6,Kobi Simmons,37,23.5,3,7.6,0.397,2.2,5,0.435,0.9,2.6,0.327,1.9,2.4,0.775,1.6,2,0.6,0.1,1.2,1.9,8.8
Arizona,7,Chance Comanche,37,18.1,2.4,4.2,0.571,2.4,4.2,0.571,0,0,,1.5,2,0.73,3.6,0.4,0.1,0.4,1,2.2,6.3
Arizona,8,Parker Jackson-Cartwright,31,24.9,1.8,4.3,0.429,0.9,2,0.435,1,2.3,0.423,1.2,1.7,0.704,2.5,4.1,1.2,0.1,1.3,1.8,5.9
Arizona,9,Keanu Pinder,35,12,0.8,1.5,0.528,0.8,1.4,0.551,0,0.1,0.25,0.5,0.9,0.576,2.9,0.3,0.5,0.6,0.8,2,2.2
Arizona,10,Kory Jones,4,1.8,0.3,0.3,1,0,0,,0.3,0.3,1,0,0,,0,0,0,0.3,0,0,0.8
Arizona,11,Jake Desjardins,6,2,0,0.3,0,0,0.3,0,0,0,,0.3,0.3,1,0.2,0,0,0,0.3,0.5,0.3
Arizona,12,Paulo Cruz,8,2.5,0,0.5,0,0,0.3,0,0,0.3,0,0,0,,0.4,0,0,0,0.5,0.3,0
Arizona,13,Tyler Trillo,8,3.9,0,0.4,0,0,0,,0,0.4,0,0,0,,0,0.5,0,0,0.1,0.1,0
Oregon,1,Dillon Brooks,35,25.3,5.9,12.1,0.488,4.3,8,0.532,1.6,4.1,0.401,2.7,3.6,0.754,3.2,2.7,1.1,0.5,2.1,2.8,16.1
Oregon,2,Tyler Dorsey,39,30,4.8,10.4,0.467,2.6,5.1,0.513,2.3,5.3,0.423,2.7,3.6,0.755,3.5,1.7,0.8,0.1,1.5,1.5,14.6
Oregon,3,Chris Boucher,31,23.6,4.5,8.7,0.524,3.4,5.4,0.633,1.2,3.3,0.35,1.5,2.7,0.565,6.1,0.4,0.4,2.5,1,2.7,11.8
Oregon,4,Jordan Bell,39,28.8,4.4,6.9,0.636,4.3,6.5,0.659,0.1,0.4,0.214,2.1,3,0.701,8.8,1.8,1.3,2.2,1.9,1.8,10.9
Oregon,5,Dylan Ennis,39,31.7,3.7,8.6,0.429,2.3,4.8,0.484,1.4,3.8,0.358,2.2,2.9,0.737,4.4,3.1,1.1,0.4,1.8,1.7,10.9
Oregon,6,Payton Pritchard,39,28.3,2.5,6.3,0.396,1.2,2.6,0.461,1.3,3.7,0.35,1.2,1.6,0.73,3.4,3.6,1.2,0.1,1.4,2.2,7.4
Oregon,7,Casey Benson,39,20.9,1.6,3.6,0.436,0.7,1.6,0.475,0.8,2,0.405,0.9,1.2,0.771,1.7,1.9,0.6,0,0.9,1.3,4.9
Oregon,8,Roman Sorkin,23,8,1,2.3,0.453,0.6,1.4,0.438,0.4,0.9,0.476,0.7,0.7,0.938,1.9,0.5,0,0.3,0.3,0.9,3.2
Oregon,9,Kavell Bigby-Williams,37,9.8,0.9,2.1,0.455,0.9,2.1,0.455,0,0,,1.1,1.8,0.621,2.8,0.2,0.1,0.7,0.6,1.5,3
Oregon,10,Keith Smith,28,6.3,0.8,1.7,0.438,0.6,1.1,0.581,0.1,0.6,0.176,0.3,0.5,0.538,0.9,0.6,0.3,0.2,0.4,1,1.9
Oregon,11,Evan Gross,2,2,0.5,0.5,1,0,0,,0.5,0.5,1,0,0,,0.5,0,0,0,0.5,0,1.5
Oregon,12,Charlie Noebel,14,2.2,0.1,0.4,0.2,0,0.1,0,0.1,0.3,0.25,0,0,,0.3,0,0.1,0,0.1,0.2,0.2
UCLA,1,TJ Leaf,35,29.9,6.7,10.9,0.617,5.9,9.2,0.644,0.8,1.7,0.466,2.1,3,0.679,8.2,2.4,0.6,1.1,1.5,2.5,16.3
UCLA,2,Bryce Alford,36,33,4.8,10.8,0.447,1.6,3.3,0.487,3.2,7.5,0.43,2.7,3.3,0.821,2.5,2.6,0.5,0.1,1,1.4,15.5
UCLA,3,Lonzo Ball,36,35.1,5.3,9.5,0.551,3,4.1,0.732,2.2,5.4,0.412,1.8,2.7,0.673,6,7.6,1.8,0.8,2.5,1.8,14.6
UCLA,4,Isaac Hamilton,36,30,5.4,11.8,0.453,3.3,6.2,0.531,2.1,5.6,0.366,1.3,1.6,0.825,3.6,2.8,0.7,0.2,2,1.8,14.1
UCLA,5,Aaron Holiday,36,26.4,4.2,8.6,0.485,2.7,5,0.539,1.5,3.6,0.411,2.4,3.1,0.793,2.9,4.4,1.1,0.2,2.4,2.3,12.3
UCLA,6,Thomas Welsh,32,25.1,4.7,8.1,0.585,4.7,8,0.584,0,0,1,1.3,1.5,0.894,8.7,1,0.3,1.3,0.4,2.5,10.8
UCLA,7,Ike Anigbogu,29,13,2,3.5,0.564,2,3.5,0.564,0,0,,0.8,1.5,0.535,4,0.2,0.2,1.2,0.8,2.5,4.7
UCLA,8,Gyorgy Goloman,35,11.5,1.5,2.7,0.581,1.5,2.4,0.639,0,0.3,0.1,0.6,0.9,0.636,2.4,0.7,0.6,0.8,0.7,2,3.7
UCLA,9,Armani Dodson,1,2,1,1,1,1,1,1,0,0,,0,0,,1,0,0,0,0,0,2
UCLA,10,Isaac Wulff,5,1.8,0.4,0.4,1,0.4,0.4,1,0,0,,0.2,0.4,0.5,0.4,0,0,0,0,0.2,1
UCLA,11,Jerrold Smith,12,2.1,0.3,0.9,0.273,0.3,0.8,0.333,0,0.2,0,0.1,0.2,0.5,0,0.1,0.2,0,0.2,0.4,0.6
UCLA,12,Alec Wulff,11,2,0.2,0.5,0.333,0,0,,0.2,0.5,0.333,0,0,,0.1,0.1,0.1,0,0,0.2,0.5
UCLA,13,Ikenna Okwarabizie,12,2.6,0,0.2,0,0,0.2,0,0,0,,0.2,0.5,0.333,0.6,0,0.1,0,0.3,0.3,0.2
Utah,1,Kyle Kuzma,29,30.8,6.3,12.4,0.504,5.3,9.6,0.56,0.9,2.9,0.321,2.9,4.4,0.669,9.3,2.4,0.6,0.5,2.1,1.6,16.4
Utah,2,David Collette,22,25.4,5.6,9.4,0.599,5.5,9.3,0.598,0.1,0.1,0.667,2.3,3.6,0.625,5.1,1,0.8,0.9,1.5,3.3,13.6
Utah,3,Lorenzo Bonam,32,29.8,4.5,7.8,0.574,3.6,5.1,0.695,0.9,2.7,0.345,2.6,3.3,0.798,3.1,3.1,1.4,0.3,2.2,1.8,12.5
Utah,4,Devon Daniels,29,26.9,3.9,6.8,0.571,3.4,5.6,0.607,0.5,1.2,0.4,1.6,2.2,0.708,4.6,2.7,0.9,0.4,2,2.2,9.9
Utah,5,Sedrick Barefield,24,22.6,2.9,7,0.417,1.5,3.5,0.44,1.4,3.5,0.393,1.8,2.4,0.737,1.8,2,0.8,0,1.8,1.8,9
Utah,6,JoJo Zamora,32,20,2.5,5.5,0.455,1.5,2.7,0.552,1,2.8,0.36,0.9,1.2,0.811,1.4,1.1,0.6,0.3,1.2,1.4,6.9
Utah,7,Tyler Rawson,32,19.5,2,4.6,0.445,1.4,2.6,0.561,0.6,2,0.297,1.3,2,0.683,3.7,1.9,0.6,0.5,1.3,2.1,6
Utah,8,Parker Van Dyke,31,17.3,1.7,4.4,0.397,0.8,1.6,0.48,1,2.8,0.349,0.2,0.4,0.462,1.9,1.3,0.5,0.1,0.4,0.9,4.6
Utah,9,Jayce Johnson,32,12.3,1.6,2.9,0.565,1.6,2.9,0.565,0,0,,0.7,1.7,0.434,4.3,0.1,0.1,0.6,0.9,2.1,4
Utah,10,Gabe Bealer,28,12.1,1.3,3,0.429,0.5,1,0.536,0.8,2,0.375,0.3,0.4,0.75,1.8,0.5,0.3,0.1,0.6,0.8,3.6
Utah,11,Jake Connor,14,5.4,0.6,1.4,0.474,0.1,0.1,1,0.5,1.2,0.412,0,0.1,0,0.3,0.4,0.2,0,0.2,0.6,1.8
Utah,12,Jakub Jokl,12,3.8,0.3,0.6,0.571,0.3,0.6,0.571,0,0,,0.4,0.7,0.625,1.3,0.1,0,0.3,0.3,1.2,1.1
Utah,13,Marc Reininger,11,2.9,0.2,0.4,0.5,0.2,0.4,0.5,0,0,,0,0,,0.4,0,0,0.1,0.4,0.3,0.4
Utah,14,Beau Rydalch,10,3.4,0.1,0.7,0.143,0.1,0.3,0.333,0,0.4,0,0.2,0.2,1,0.8,0.1,0.1,0,0.3,0.2,0.4
USC,1,Bennie Boatwright,19,27.6,4.5,10.6,0.428,2.1,3.8,0.542,2.5,6.8,0.364,3.6,3.9,0.907,4.5,1.7,0.4,0.4,1.6,2.1,15.1
USC,2,Chimezie Metu,36,31.3,5.6,10.2,0.552,5.6,10.1,0.552,0,0.1,0.5,3.6,4.8,0.741,7.8,1.4,0.8,1.5,2.1,2.5,14.8
USC,3,Jordan McLaughlin,36,34.1,4.5,9.8,0.459,3.2,6.6,0.487,1.3,3.3,0.402,2.6,3.3,0.798,3.6,5.5,1.5,0.1,2.2,1,12.9
USC,4,Elijah Stewart,36,29.8,4.3,9.9,0.431,2.1,4.3,0.49,2.2,5.6,0.386,1.6,2.3,0.704,3.9,1.2,0.8,1.2,1,2.6,12.3
USC,5,De'Anthony Melton,36,27,2.8,6.4,0.437,2.2,4.4,0.51,0.6,2.1,0.284,2.1,3,0.706,4.7,3.5,1.9,1,1.8,2.3,8.3
USC,6,Shaqquan Aaron,36,20.8,2.5,6.4,0.392,1.5,3.4,0.443,1,3.1,0.336,1.5,2.1,0.72,3.1,1.1,0.4,0.2,1,1.3,7.6
USC,7,Jonah Mathews,35,20.4,2.4,6.4,0.372,1.2,2.7,0.427,1.2,3.6,0.331,1,1.5,0.692,1.8,1.1,0.9,0.1,0.6,1.3,7
USC,8,Nick Rakocevic,36,14.9,1.9,3.3,0.563,1.9,3.3,0.563,0,0,,1.5,2.2,0.671,3.7,0.4,0.3,0.6,0.9,2.5,5.2
USC,9,Charles Buggs,24,8.9,0.9,1.5,0.583,0.6,0.9,0.636,0.3,0.6,0.5,0.3,0.4,0.778,1.8,0.2,0.3,0.4,0.4,1.6,2.3
USC,10,Harrison Henderson,13,3.8,0.4,1.1,0.357,0.2,0.7,0.333,0.2,0.4,0.4,0.4,0.9,0.417,0.9,0.2,0.2,0.3,0.2,0.4,1.3
USC,11,Kurt Karis,13,1.8,0.2,0.2,0.667,0.2,0.2,0.667,0,0,,0.2,0.2,1,0.1,0,0,0,0.2,0.4,0.5
USC,12,Samer Dhillon,7,1.3,0.1,0.4,0.333,0,0.1,0,0.1,0.3,0.5,0,0,,0.3,0,0,0,0,0,0.4
USC,13,Devin Fleming,4,1.5,0,0.3,0,0,0.3,0,0,0,,0,0,,0.5,0,0.3,0,0,0,0
California,1,Jabari Bird,27,32,5.2,11.8,0.439,2.8,5.2,0.536,2.4,6.6,0.363,1.6,2,0.764,4.7,1,0.7,0.2,1.9,1.9,14.3
California,2,Ivan Rabb,31,32.6,4.9,10.1,0.484,4.6,9.4,0.49,0.3,0.6,0.4,4,6,0.663,10.5,1.5,0.7,1,2.2,3.1,14
California,3,Charlie Moore,34,28.8,4,10.3,0.39,2.7,6.5,0.412,1.3,3.8,0.352,2.9,3.9,0.756,2,3.5,1.1,0,2.9,2.6,12.2
California,4,Grant Mullins,32,31.3,3.3,7.9,0.421,1.1,2.7,0.402,2.2,5.2,0.43,1.4,1.8,0.804,3.2,2,0.9,0.1,1.2,1.8,10.3
California,5,Kameron Rooks,24,17.1,1.7,3.1,0.547,1.7,3.1,0.547,0,0,,1.5,2.5,0.6,4.5,0.3,0.2,0.9,0.8,2.5,4.9
California,6,Don Coleman,27,11.4,1.6,4.1,0.375,1.4,3.4,0.413,0.1,0.7,0.2,1.3,2.1,0.614,1.5,0.6,0.1,0,1,1.6,4.6
California,7,Kingsley Okoroh,34,21.2,1.9,3.7,0.504,1.9,3.7,0.504,0,0,,0.9,1.6,0.536,5.5,0.9,0.4,2.2,1.2,2.6,4.6
California,8,Sam Singer,34,20.1,1.9,4.2,0.438,1.6,3.1,0.5,0.3,1.1,0.263,0.5,1.1,0.432,2.9,2,0.7,0.1,1.1,1.8,4.5
California,9,Roger Moute a Bidias,30,11.9,0.7,2.4,0.31,0.4,1.2,0.361,0.3,1.2,0.257,1,1.2,0.861,1.8,0.3,0.2,0.1,0.6,1.3,2.8
California,10,Stephen Domingo,31,13.5,0.7,3.4,0.217,0.3,1.1,0.286,0.4,2.3,0.183,0.5,1.1,0.455,2.1,0.6,0.3,0.4,0.2,1.6,2.4
California,11,Cole Welle,12,4.2,0.9,1.7,0.55,0.9,1.5,0.611,0,0.2,0,0,0.3,0,1.6,0,0.1,0.1,0,0.8,1.8
California,12,Roman Davis,14,3.4,0.5,1.2,0.412,0.5,1.1,0.438,0,0.1,0,0.1,0.4,0.2,0.8,0,0,0,0.1,0.6,1.1
California,13,Nick Hamilton,10,3.6,0.1,0.6,0.167,0,0.1,0,0.1,0.5,0.2,0.1,0.2,0.5,0.4,0.2,0,0,0.1,0.4,0.4
California,14,Koko Kurdoghlian,5,1.8,0,0.2,0,0,0.2,0,0,0,,0.2,0.4,0.5,0,0,0,0,0,0.2,0.2
Colorado,1,Derrick White,34,32.8,6,11.9,0.507,4.4,7.6,0.569,1.7,4.2,0.396,4.4,5.4,0.813,4.1,4.4,1.2,1.4,2.4,2.1,18.1
Colorado,2,Xavier Johnson,32,28,5.1,10.5,0.49,3.9,7.3,0.536,1.2,3.2,0.382,3.3,4.9,0.675,5.9,1,0.5,0.3,1.5,2.6,14.8
Colorado,3,George King,34,27.7,4.1,8.9,0.46,2.7,5.2,0.52,1.4,3.7,0.376,1.6,2.3,0.671,6.8,0.7,0.5,0.2,1.7,2.1,11.1
Colorado,4,Wesley Gordon,32,24.6,2.5,4.8,0.513,2.4,4.6,0.52,0.1,0.2,0.333,1.8,2.6,0.667,6.3,1.9,0.5,1.5,1.3,2.7,6.8
Colorado,5,Dominique Collier,25,18.5,1.8,5.2,0.338,0.7,2.1,0.346,1,3.1,0.333,1.5,2,0.74,1.1,1.6,1,0.1,1.1,1.8,6
Colorado,6,Josh Fortune,34,20.3,1.9,5.2,0.354,0.9,2.2,0.421,0.9,3,0.304,1.4,1.6,0.857,3,1.5,0.4,0.3,1.3,1.6,6
Colorado,7,Tory Miller,32,15.8,2.3,4.3,0.537,2.3,4.2,0.541,0,0.1,0.333,1,1.9,0.532,4,0.5,0.3,0.2,0.8,2.5,5.6
Colorado,8,Bryce Peters,24,15.8,1.7,4.3,0.392,1.1,2.6,0.429,0.5,1.6,0.333,0.8,1.5,0.556,1.4,1,0.4,0,0.7,1.5,4.7
Colorado,9,Deleon Brown,31,12,1,2.8,0.368,0.5,1.2,0.444,0.5,1.6,0.314,0.6,0.9,0.704,0.7,0.6,0.4,0.1,0.5,1,3.2
Colorado,10,Lucas Siewert,32,11.5,0.9,3,0.316,0.4,1.5,0.265,0.5,1.4,0.37,0.3,0.4,0.643,2.1,0.5,0.2,0.1,0.5,0.9,2.7
Colorado,11,Thomas Akyazili,30,10.4,0.6,2.2,0.292,0.6,1.5,0.409,0,0.7,0.048,0.4,0.8,0.565,1,1.3,0.3,0.1,0.9,1.4,1.7
Colorado,12,Mitch Lombard,6,1.5,0,0.2,0,0,0.2,0,0,0,,0,0,,0.2,0.3,0,0,0.2,0.2,0
Colorado,13,Josh Repine,6,1.5,0,0.7,0,0,0.5,0,0,0.2,0,0,0,,0,0,0,0,0.2,0.2,0
Arizona State,1,Torian Graham,33,34.8,7,15.5,0.448,3.7,7.1,0.521,3.3,8.5,0.387,1.4,1.7,0.821,4.2,1.2,0.9,0.3,1.3,1.5,18.6
Arizona State,2,Tra Holder,33,35.6,5.1,11.8,0.433,3.7,8,0.464,1.4,3.8,0.368,4.6,6,0.772,3.7,3.2,0.9,0,2,2.1,16.2
Arizona State,3,Shannon Evans,33,35.7,4.9,11.9,0.411,2.7,5.8,0.466,2.2,6.1,0.358,3,3.6,0.833,3.3,4.4,1.3,0.2,1.9,1.8,15
Arizona State,4,Obinna Oleka,33,32.9,4.3,9.9,0.43,3.5,7.1,0.502,0.7,2.9,0.253,3.2,4.4,0.719,9.9,1.2,1,0.8,1.9,2.5,12.5
Arizona State,5,Sam Cunliffe,10,25.4,3.1,8.9,0.348,1.6,5.2,0.308,1.5,3.7,0.405,1.8,2.9,0.621,4.8,1.4,0.5,0.3,1.8,2.6,9.5
Arizona State,6,Kodi Justice,33,31.1,3,7.1,0.421,1.1,2.5,0.429,1.9,4.6,0.417,1.2,1.7,0.745,2.8,2.4,1.3,0.6,1.6,3.2,9.2
Arizona State,7,Ramon Vila,33,12.3,1,1.5,0.647,1,1.5,0.688,0,0.1,0,0.6,1,0.636,2,0.1,0.2,0.2,0.3,2.6,2.6
Arizona State,8,Andre Adams,14,5.7,0.6,0.9,0.75,0.6,0.9,0.75,0,0,,0.1,0.4,0.167,1.3,0.1,0.1,0.4,0.2,1.2,1.4
Arizona State,9,Jethro Tshisumpa,26,7.4,0.4,1,0.423,0.4,1,0.423,0,0,,0.1,0.3,0.333,1.5,0,0.2,1,0.3,2.1,1
Arizona State,10,Maurice O'Field,10,4.7,0.4,0.7,0.571,0.4,0.6,0.667,0,0.1,0,0,0,,0.6,0.4,0.1,0,0.1,0.4,0.8
Arizona State,11,Austin Witherill,16,1.6,0,0.3,0,0,0,,0,0.3,0,0.1,0.1,1,0.1,0.1,0,0,0,0,0.1
Arizona State,12,Grant Fogerty,2,1,0,0,,0,0,,0,0,,0,0,,0,0,0,0,0,0,0
Arizona State,13,Romaine Jackson,4,1.3,0,0,,0,0,,0,0,,0,0,,0.3,0,0,0,0.5,0,0
Arizona State,14,Chris Odionu,2,1,0,0,,0,0,,0,0,,0,0,,0,0,0,0,0,0.5,0
Stanford,1,Reid Travis,27,30.1,6.5,11.3,0.579,6.5,11.2,0.581,0,0,0,4.4,6.7,0.652,8.9,0.5,0.5,0.2,2.1,2.4,17.4
Stanford,2,Dorian Pickens,31,29.9,4,9.3,0.429,1.8,3.8,0.475,2.2,5.5,0.396,2.5,3.5,0.738,3.5,1.2,1,0.1,1.4,1.8,12.6
Stanford,3,Michael Humphrey,30,24,3.8,8.3,0.456,3.6,7.4,0.484,0.2,0.9,0.222,1.7,2.3,0.729,6.2,0.9,0.9,0.6,1.6,3.5,9.4
Stanford,4,Marcus Allen,29,26.3,3.1,7.2,0.433,2.8,5.5,0.506,0.3,1.7,0.2,1.5,2.4,0.629,2.3,1.8,1.2,0.1,1.6,2,8.1
Stanford,5,Robert Cartwright,31,24.7,2.4,6.7,0.354,1.5,3.4,0.438,0.9,3.4,0.269,1,1.4,0.762,1.8,3.5,1,0,1.5,1.6,6.7
Stanford,6,Marcus Sheffield,31,18.9,2.1,5.9,0.363,1.4,3.6,0.387,0.7,2.3,0.324,1.7,2.1,0.813,1.5,1.5,0.8,0.1,1.2,1.3,6.7
Stanford,7,Grant Verhoeven,30,12.6,1.4,2.7,0.519,1.2,2.3,0.544,0.2,0.4,0.385,0.8,1.1,0.727,2.4,0.2,0.4,0.2,0.4,2.3,3.8
Stanford,8,Josh Sharma,31,13.4,1.3,3.4,0.39,1.1,2.7,0.422,0.2,0.7,0.273,0.4,0.9,0.448,2.9,0.1,0.3,1.1,0.7,2.6,3.3
Stanford,9,Christian Sanders,31,17.2,0.9,2.3,0.408,0.6,1.5,0.375,0.4,0.7,0.478,0.8,1.2,0.658,1.9,3.3,0.5,0.1,1.8,1.7,3
Stanford,10,Malcolm Allen,13,8.7,0.7,1.6,0.429,0.6,1.2,0.533,0.1,0.5,0.167,0.5,0.6,0.75,0.8,0.8,0.5,0,0.3,0.6,1.9
Stanford,11,Cameron Walker,14,7.1,0.3,0.8,0.364,0.3,0.7,0.4,0,0.1,0,0.8,1.1,0.688,1.8,0.2,0.2,0.1,0.6,1,1.4
Stanford,12,Trevor Stanback,16,5.7,0.2,1.1,0.176,0.2,1.1,0.176,0,0,,0.3,0.9,0.286,0.7,0.4,0.2,0.2,0.3,0.5,0.6
Stanford,13,Rodney Herenton,5,1,0.2,0.8,0.25,0.2,0.6,0.333,0,0.2,0,0,0.4,0,0,0,0,0,0.4,0,0.4
Stanford,14,Blake Pagon,5,2,0,0.4,0,0,0.2,0,0,0.2,0,0.4,0.4,1,0.4,0,0.2,0,0.2,0,0.4
Stanford,15,Josh Hanson,4,1.3,0,0.3,0,0,0,,0,0.3,0,0,0,,0,0,0,0,0,0,0
Washington State,1,Josh Hawkinson,31,35.4,5.6,10.5,0.531,4.7,8.3,0.564,0.9,2.2,0.406,3.4,4.1,0.833,10.2,2.5,0.6,0.8,1.7,2.4,15.5
Washington State,2,Ike Iroegbu,31,34.2,4.3,9.6,0.451,3.3,6.7,0.483,1.1,2.8,0.375,2.9,4.2,0.679,4.2,3.6,0.7,0.1,2.1,2,12.6
Washington State,3,Charles Callison,31,27.2,3.7,8.1,0.456,2.3,4.9,0.477,1.4,3.2,0.424,1,1.2,0.842,1.7,2.2,1.3,0.4,1.6,2.4,9.7
Washington State,4,Malachi Flynn,31,33.1,3.4,8.5,0.395,1.5,3.6,0.407,1.9,4.8,0.387,1.2,1.6,0.735,2.9,2.9,0.7,0,2.1,1.9,9.7
Washington State,5,Conor Clifford,31,19.7,4.1,6.9,0.589,4.1,6.9,0.592,0,0,0,1.3,1.5,0.851,2.7,0.9,0,0.6,1.7,2.7,9.4
Washington State,6,Derrien King,9,24.6,1.9,6.7,0.283,1.3,3.9,0.343,0.6,2.8,0.2,2.2,2.9,0.769,4.3,0.8,0.3,0.2,2.7,2.1,6.6
Washington State,7,Robert Franks,31,16.4,2.4,5.4,0.44,1.7,3.4,0.514,0.6,2,0.311,1,1.3,0.732,3.3,0.8,0.1,0.6,1.3,1.9,6.3
Washington State,8,Viont'e Daniels,27,17.1,1,2.6,0.4,0.4,0.9,0.478,0.6,1.7,0.362,0.2,0.4,0.5,1.2,1.3,0.4,0.1,0.4,1.2,2.9
Washington State,9,Jeff Pollard,24,8.5,0.7,1.5,0.472,0.7,1.5,0.472,0,0,,0.4,0.7,0.625,1.8,0.2,0.2,0.1,0.3,1,1.8
Washington State,10,KJ Langston,20,8,0.7,2.4,0.277,0.4,1.1,0.333,0.3,1.3,0.231,0,0.1,0,0.6,0.3,0.3,0,0.4,0.5,1.6
Washington State,11,Steven Shpreyregin,7,4.1,0.3,1.4,0.2,0.1,0.3,0.5,0.1,1.1,0.125,0,0,,0.4,0.1,0,0,0,0.6,0.7
Washington,1,Markelle Fultz,25,35.7,8.4,17.6,0.476,6.3,12.5,0.502,2.1,5,0.413,4.4,6.7,0.649,5.7,5.9,1.6,1.2,3.2,2.5,23.2
Washington,2,David Crisp,31,32.9,4.9,11.8,0.411,2.4,5.1,0.471,2.5,6.8,0.367,1.5,2.3,0.686,3.2,3.1,0.5,0.1,2.5,2.4,13.8
Washington,3,Noah Dickerson,31,27.2,4.7,8.6,0.547,4.7,8.3,0.562,0,0.3,0.111,3.1,4.6,0.676,8.2,0.8,0.5,0.5,1.5,3.2,12.5
Washington,4,Matisse Thybulle,31,29.9,3.8,8.4,0.448,2.1,4.2,0.492,1.7,4.2,0.405,1.2,1.4,0.841,3.1,1.8,2.1,0.7,2,2.9,10.5
Washington,5,Carlos Johnson,31,17.9,2.3,5.6,0.406,2.1,4.6,0.448,0.2,1,0.219,1.1,1.7,0.611,3,0.7,0.3,0.2,1.2,2.3,5.9
Washington,6,Malik Dime,20,21.5,2.1,4.1,0.512,2.1,4.1,0.512,0,0,,1.3,2.2,0.605,5.5,0.8,0.5,2.5,1.1,2.9,5.5
Washington,7,Dominic Green,30,21.6,1.9,6,0.317,1,2.7,0.363,0.9,3.3,0.28,0.7,1,0.759,2.1,0.7,0.4,0.4,1,1.9,5.5
Washington,8,Sam Timmins,31,14.5,1.5,3,0.489,1.4,2.7,0.506,0.1,0.2,0.286,0.2,0.5,0.375,3.8,0.3,0.4,0.6,1.2,1.6,3.2
Washington,9,Matthew Atewe,19,8.7,0.8,1.6,0.516,0.8,1.6,0.516,0,0,,0.5,1.1,0.476,2.3,0.1,0.2,0.7,0.7,1.4,2.2
Washington,10,Greg Bowman,11,1.9,0.5,0.8,0.556,0.5,0.8,0.556,0,0,,0.2,0.5,0.333,1,0.1,0.1,0,0.1,0.1,1.1
Washington,11,Dan Kingma,19,6.3,0.3,0.9,0.294,0.1,0.2,0.25,0.2,0.7,0.308,0.1,0.3,0.333,0.5,0.5,0.2,0,0.4,0.8,0.8
Washington,12,Quin Barnard,9,1.4,0.2,0.6,0.4,0,0,,0.2,0.6,0.4,0,0,,0.1,0.2,0,0,0.1,0,0.7
Washington,13,Bitumba Baruti,17,4.2,0.2,0.8,0.286,0.2,0.5,0.5,0,0.4,0,0.2,0.2,1,0.4,0.1,0.1,0,0.3,0.7,0.6
Washington,14,Devenir Duruisseau,19,3.7,0.2,0.5,0.4,0.2,0.5,0.4,0,0,,0,0,,0.9,0.1,0.1,0.1,0.3,0.7,0.4
Oregon State,1,Tres Tinkle,6,34.8,6,13.5,0.444,5.3,9.3,0.571,0.7,4.2,0.16,7.5,9.7,0.776,8.3,2.3,2.2,0.8,3.2,2,20.2
Oregon State,2,Stephen Thompson Jr.,26,36.2,5.7,14.3,0.397,3.5,7.9,0.442,2.2,6.4,0.341,2.7,4.3,0.634,4.3,3,1.4,0.2,2.8,2.2,16.3
Oregon State,3,Drew Eubanks,32,32.1,5.7,9.7,0.587,5.7,9.7,0.587,0,0,,3.1,4.3,0.712,8.3,1.2,0.6,2.2,3,2.9,14.5
Oregon State,4,Jaquori McLaughlin,32,33.8,3.5,9.2,0.383,1.7,4.3,0.401,1.8,4.9,0.367,1.6,2.2,0.743,2.2,3.3,0.8,0.3,2.2,2.8,10.5
Oregon State,5,Kendal Manuel,32,28.8,2.7,7.2,0.376,1.1,2.9,0.362,1.6,4.2,0.385,0.8,1.1,0.706,2.4,1.6,0.9,0.1,1.8,2.1,7.8
Oregon State,6,Gligorije Rakocevic,32,18.7,1.7,3.7,0.454,1.4,3.1,0.46,0.3,0.6,0.421,0.9,1.8,0.526,3.7,0.2,0.2,0.3,1.2,2.4,4.6
Oregon State,7,Cheikh N'diaye,9,10.8,1.3,2.6,0.522,1.3,2.6,0.522,0,0,,0.9,1.4,0.615,2.2,0.1,0,0.8,1.1,1.4,3.6
Oregon State,8,Ben Kone,23,13.4,1,3.3,0.293,0.7,2.3,0.278,0.3,0.9,0.333,0.7,1,0.625,2.7,0.2,0.3,0.1,1,2,2.9
Oregon State,9,Ronnie Stacy,31,13,0.8,2.2,0.382,0.8,1.9,0.414,0.1,0.3,0.2,0.5,0.8,0.577,1.6,0.9,0.5,0,1.3,1.4,2.2
Oregon State,10,Keondre Dew,6,11.7,0.8,3.2,0.263,0.8,3.2,0.263,0,0,,0.3,1,0.333,3.2,0.7,0.5,0.2,2,1.8,2
Oregon State,11,Daine Muller,21,9.9,0.6,1.3,0.464,0,0,,0.6,1.3,0.464,0.1,0.2,0.75,0.9,0.9,0.1,0,0.4,0.9,2
Oregon State,12,Matt Dahlen,30,10.4,0.6,1.1,0.5,0.6,1.1,0.515,0,0,0,0.4,0.8,0.5,1.9,0.6,0.3,0.1,0.7,2.1,1.5
Oregon State,13,Tanner Sanders,29,8.6,0.2,1.1,0.219,0.2,0.3,0.5,0.1,0.8,0.091,0,0.1,0,1.1,0.4,0.3,0.1,0.3,0.7,0.6
Villanova,1,Josh Hart,36,33.1,6.6,12.9,0.51,4.5,7.8,0.579,2.1,5.1,0.404,3.5,4.7,0.747,6.4,2.9,1.5,0.3,2,2.3,18.7
Villanova,2,Jalen Brunson,36,31.1,5.1,9.4,0.541,3.9,6.3,0.621,1.2,3.1,0.378,3.3,3.8,0.876,2.6,4.1,0.9,0,2.1,1.6,14.7
Villanova,3,Kris Jenkins,36,31.1,3.9,10.3,0.384,1.6,3.6,0.427,2.4,6.6,0.36,2.8,3.2,0.862,4.1,2,1.1,0.3,1.4,1.9,13.1
Villanova,4,Mikal Bridges,36,29.8,3.6,6.5,0.549,2.3,3.4,0.694,1.2,3.1,0.393,1.4,1.6,0.911,4.6,2,1.7,0.9,1.3,2.3,9.8
Villanova,5,Donte DiVincenzo,36,25.5,3,6.5,0.466,1.9,3.3,0.563,1.2,3.2,0.365,1.6,2.3,0.699,3.8,1.7,0.9,0.3,1.4,1.6,8.8
Villanova,6,Eric Paschall,36,21.7,2.8,5.4,0.513,2.3,3.5,0.638,0.5,1.9,0.279,1.1,1.6,0.695,3.8,0.6,0.5,0.5,1.2,2.5,7.2
Villanova,7,Phil Booth,3,24,1.7,6.3,0.263,0.7,3,0.222,1,3.3,0.3,1.3,1.3,1,1.7,2,0.3,0,2,1,5.7
Villanova,8,Darryl Reynolds,31,23.8,1.8,2.6,0.688,1.8,2.6,0.688,0,0,,0.9,1.4,0.674,5.4,0.6,0.5,0.9,1.1,1.7,4.5
Villanova,9,Dylan Painter,22,5.8,0.3,0.6,0.429,0.3,0.5,0.545,0,0.1,0,0.4,0.5,0.667,1.4,0,0,0,0.2,0.6,0.9
Villanova,10,Tim Delaney,7,3.7,0.1,0.3,0.5,0,0,,0.1,0.3,0.5,0,0,,0.3,0,0,0,0.3,0.6,0.4
Villanova,11,Denny Grace,7,1.4,0,0,,0,0,,0,0,,0,0,,0.3,0,0,0,0.1,0.3,0
Villanova,12,Matt Kennedy,7,2,0,0,,0,0,,0,0,,0,0,,0.1,0,0,0,0,0,0
Villanova,13,Tom Leibig,7,1.6,0,0,,0,0,,0,0,,0,0.1,0,0.4,0,0.1,0,0,0,0
Butler,1,Kelan Martin,34,28.7,5.3,12.4,0.428,3.4,7,0.489,1.9,5.4,0.348,3.5,4.5,0.784,5.8,1.2,0.7,0.4,1.9,2.2,16
Butler,2,Andrew Chrabascz,34,32.7,3.8,8.4,0.454,3.1,6.3,0.484,0.7,2,0.362,3.1,4.1,0.761,4.6,3.1,0.7,0.3,1.7,2.4,11.4
Butler,3,Kamar Baldwin,34,26.9,4.1,8.2,0.495,3,5.4,0.557,1,2.8,0.372,1,1.3,0.756,3.7,1.5,1.7,0.5,1.5,2.2,10.1
Butler,4,Avery Woodson,34,22.4,3,7,0.433,0.8,1.8,0.467,2.2,5.2,0.421,0.6,0.8,0.769,2.6,0.7,0.3,0.3,0.3,1.7,8.9
Butler,5,Kethan Savage,30,20.4,2.6,5.8,0.443,2.1,4.2,0.5,0.5,1.6,0.292,2.4,3.2,0.747,2.7,1.5,0.9,0.2,1.1,2,8
Butler,6,Tyler Wideman,34,23,2.8,4.6,0.615,2.8,4.5,0.623,0,0.1,0,1.6,2.4,0.654,5,0.4,0.6,0.8,1.1,3,7.2
Butler,7,Tyler Lewis,34,21.9,2.1,4,0.518,1.4,2.4,0.605,0.6,1.6,0.393,1.7,2.4,0.738,1.4,4,0.6,0,1,1.7,6.6
Butler,8,Nate Fowler,34,11.9,1.9,2.9,0.667,1.6,2.3,0.718,0.3,0.6,0.476,1.1,1.4,0.787,2.1,0.4,0.2,0.1,0.6,1.7,5.3
Butler,9,Joey Brunk,7,7,1,1.9,0.538,1,1.6,0.636,0,0.3,0,1.1,1.7,0.667,1,0.1,0.1,0.1,0.4,1.1,3.1
Butler,10,Sean McDermott,30,10.7,0.7,1.8,0.415,0.2,0.4,0.636,0.5,1.4,0.357,0.3,0.5,0.667,1.4,0.3,0.2,0.2,0.3,1.4,2.3
Butler,11,Trey Pettus,7,3.4,0.6,1.4,0.4,0.6,0.9,0.667,0,0.6,0,0.1,0.3,0.5,0.3,0.4,0,0,0.3,0.4,1.3
Butler,12,Henry Baddley,24,4.9,0.5,1,0.44,0.5,0.7,0.647,0,0.3,0,0.2,0.4,0.444,0.8,0.2,0.3,0.1,0.3,0.7,1.1
Butler,13,Steven Bennett,7,4.1,0.3,1.3,0.222,0.1,0.4,0.333,0.1,0.9,0.167,0,0.1,0,0.4,0.4,0,0,0.3,0.4,0.7
Creighton,1,Marcus Foster,35,30.9,7,15.2,0.461,4.9,9.1,0.541,2.1,6.1,0.343,2.1,3.1,0.701,2.9,2.4,0.6,0.1,2.2,1.9,18.2
Creighton,2,Justin Patton,35,25.3,5.7,8.5,0.676,5.5,8,0.683,0.2,0.4,0.533,1.3,2.5,0.517,6.2,1.2,0.9,1.4,1.7,2.7,12.9
Creighton,3,Maurice Watson Jr.,19,29.9,5.1,10.1,0.508,4.3,8.4,0.516,0.8,1.7,0.469,1.9,2.7,0.692,2.6,8.5,1.5,0,3.7,1.9,12.9
Creighton,4,Khyri Thomas,35,31.2,4.6,9.3,0.5,3.3,5.9,0.563,1.3,3.4,0.39,1.7,2.2,0.766,5.8,3.3,1.5,0.4,2,1.6,12.3
Creighton,5,Cole Huff,35,23,3,6.6,0.459,1.3,2.8,0.454,1.8,3.8,0.463,1.3,1.6,0.839,3.9,0.6,0.4,0.1,0.6,1.7,9.2
Creighton,6,Zach Hanson,20,10.2,2.4,3.8,0.64,2.4,3.8,0.64,0,0,,0.6,1.4,0.444,2.3,0.3,0.3,0.1,0.6,1.3,5.4
Creighton,7,Toby Hegner,35,16.7,1.7,3.5,0.472,0.7,1.5,0.5,0.9,2,0.451,0.8,1.2,0.643,3.4,0.5,0.4,0.3,0.4,1.9,5
Creighton,8,Isaiah Zierden,35,20,1.3,3.2,0.42,0.2,0.4,0.462,1.2,2.8,0.414,1.1,1.1,0.925,2,0.8,0.4,0.1,0.6,1.4,4.9
Creighton,9,Davion Mintz,29,12.2,1,2.7,0.385,0.7,1.8,0.396,0.3,0.9,0.36,0.9,1.1,0.788,1.1,1.8,0.5,0.1,1.2,1.2,3.3
Creighton,10,Martin Krampelj,28,6.1,1.1,2.1,0.525,1,1.8,0.569,0.1,0.3,0.25,0.6,1,0.552,2.3,0.2,0,0.4,0.4,1,2.9
Creighton,11,Ronnie Harrell,26,7.3,0.9,1.8,0.489,0.8,1.3,0.571,0.1,0.5,0.25,0.7,1.1,0.643,1.9,0.7,0.2,0.1,0.3,0.5,2.6
Creighton,12,Tyler Clement,28,9.4,0.6,1.3,0.486,0.4,0.6,0.625,0.3,0.7,0.368,0.1,0.3,0.571,1,1.4,0.3,0,0.9,1.3,1.6
Creighton,13,Jordan Scurry,11,2.8,0.5,1.1,0.5,0.2,0.2,1,0.4,0.9,0.4,0,0,,0.4,0.4,0.1,0,0,0.3,1.5
Creighton,14,Kobe Paras,15,4.7,0.5,1.5,0.348,0.4,0.9,0.462,0.1,0.7,0.2,0.1,0.5,0.286,0.9,0.2,0.1,0.1,0.3,0.7,1.3
Seton Hall,1,Khadeen Carrington,33,33.3,5.7,13.5,0.424,3.8,8.5,0.448,1.9,5,0.382,3.7,5.1,0.731,3.1,2.9,1.2,0.3,2.3,1.9,17.1
Seton Hall,2,Desi Rodriguez,33,31.9,5.8,13.2,0.439,4.3,9,0.48,1.5,4.3,0.355,2.6,4,0.639,5.2,1.8,0.8,0.4,2.1,2.5,15.7
Seton Hall,3,Angel Delgado,33,33,6,11,0.543,6,11,0.543,0,0,,3.3,5.9,0.556,13,2.2,0.6,0.3,3,2.5,15.2
Seton Hall,4,Myles Powell,33,23.8,3.6,9.1,0.392,1.5,2.9,0.521,2.1,6.2,0.332,1.5,1.8,0.817,2.2,0.9,0.9,0.2,1,2,10.7
Seton Hall,5,Madison Jones,33,29.5,2.1,5.1,0.411,1.7,3.7,0.447,0.4,1.4,0.311,1.2,1.8,0.683,2.5,3.2,1.8,0.1,2,2.8,5.8
Seton Hall,6,Michael Nzei,33,18,1.6,2.5,0.643,1.6,2.5,0.651,0,0,0,1.1,1.8,0.593,3.8,0.2,0.4,0.5,0.9,2.5,4.3
Seton Hall,7,Ismael Sanogo,28,22.3,1.1,2.6,0.438,1.1,2.5,0.443,0,0.1,0.333,0.7,1.4,0.5,5.6,0.8,0.9,0.6,1.1,2.3,3
Seton Hall,8,Eron Gordon,18,4.1,0.6,1.4,0.385,0.5,0.8,0.6,0.1,0.6,0.091,0.1,0.1,1,0.8,0.3,0.2,0,0.3,0.7,1.3
Seton Hall,9,Veer Singh,9,9.3,0.3,1.7,0.2,0.1,0.3,0.333,0.2,1.3,0.167,0.4,0.6,0.8,1.6,0.1,0,0.1,0.6,1.1,1.3
Seton Hall,10,Myles Carter,5,6.6,0.4,1.4,0.286,0.4,1.4,0.286,0,0,,0,0.2,0,1.4,0,0.2,0,0.6,1,0.8
Seton Hall,11,Jevon Thomas,10,9.2,0.2,1.1,0.182,0.1,0.8,0.125,0.1,0.3,0.333,0.2,0.9,0.222,1,0.8,1.1,0,1.3,1.7,0.7
Seton Hall,12,Dalton Soffer,10,3,0.2,1.2,0.167,0,0,,0.2,1.2,0.167,0,0,,0.2,0,0.1,0,0.1,0.2,0.6
Seton Hall,13,Rashed Anthony,29,4.4,0.1,0.2,0.333,0.1,0.2,0.333,0,0,,0.1,0.1,1,0.6,0,0,0,0.1,1.2,0.2
Seton Hall,14,Manny Anderson,4,1.3,0,0,,0,0,,0,0,,0,0,,0,0,0,0,0,0,0
Seton Hall,15,MIchael Dowdy,6,1.5,0,0,,0,0,,0,0,,0,0,,0.2,0,0,0,0,0,0
Providence,1,Rodney Bullock,33,32.8,5.4,12.3,0.436,4,7.9,0.502,1.4,4.4,0.317,3.6,4.8,0.748,6.4,1.4,1.2,0.8,2.5,2.3,15.7
Providence,2,Emmitt Holt,32,27.5,4.7,8.9,0.523,4,7,0.571,0.7,1.9,0.344,2.6,3.8,0.678,5.4,1,0.7,0.8,1.4,3.2,12.5
Providence,3,Kyron Cartwright,33,33.1,4,9.5,0.42,3.1,7.1,0.432,0.9,2.4,0.388,2.4,3.4,0.714,3.5,6.7,1.1,0,2.9,2,11.4
Providence,4,Jalen Lindsey,32,32.1,3.3,7.3,0.457,1,2.2,0.451,2.3,5,0.46,1.8,2.4,0.74,4.3,0.7,0.9,0.3,0.7,2.2,10.7
Providence,5,Alpha Diallo,33,21.4,1.8,4.4,0.407,1.5,3.3,0.463,0.3,1.1,0.243,1.9,2.5,0.738,3.2,1.2,0.9,0.2,1.2,2.4,5.7
Providence,6,Isaiah Jackson,33,16.7,1.9,4,0.481,1.4,2.6,0.523,0.6,1.4,0.404,1.2,1.5,0.745,2.4,1.2,0.5,0.3,1.1,1.4,5.6
Providence,7,Kalif Young,33,13.1,1.3,2.6,0.518,1.3,2.5,0.524,0,0,0,0.5,1.4,0.37,3.2,0.4,0.4,0.5,1,1.7,3.2
Providence,8,Drew Edwards,8,10.8,1,2.4,0.421,0.6,1.6,0.385,0.4,0.8,0.5,0.6,1.3,0.5,0.6,0.3,0.5,0.1,0.6,1.3,3
Providence,9,Ryan Fazekas,30,11.8,1,2.7,0.388,0.3,0.7,0.429,0.7,2,0.373,0.2,0.3,0.667,1.1,0.3,0.4,0.1,0.2,0.9,3
Providence,10,Maliek White,33,11.5,1,2.5,0.381,0.6,1.4,0.426,0.4,1.1,0.324,0.2,0.3,0.545,1,1.3,0.6,0.1,1,1.1,2.5
Providence,11,Casey Woodring,4,1.8,0.3,1.5,0.167,0,0.3,0,0.3,1.3,0.2,0,0,,0.5,0,0,0,0,0,0.8
Providence,12,Ricky Council II,5,4,0.2,1.2,0.167,0,0,,0.2,1.2,0.167,0,0,,0.6,0,0,0,0.6,0.2,0.6
Providence,13,Tom Planek,7,1.9,0,0,,0,0,,0,0,,0,0.4,0,0.9,0,0,0.1,0.3,0.1,0
Marquette,1,Markus Howard,31,22,4.4,8.7,0.506,1.7,3.8,0.454,2.6,4.8,0.547,1.8,2,0.889,2.2,2.3,0.8,0.1,2,2.5,13.2
Marquette,2,JaJuan Johnson,31,26,4.4,9.3,0.476,3.4,6.6,0.515,1,2.7,0.381,2.1,2.6,0.793,4.1,2.7,1.9,0.5,2.3,1.6,12
Marquette,3,Andrew Rowsey,32,20.8,3.3,7.2,0.461,1.1,2.2,0.493,2.2,5,0.447,2.8,3,0.926,1.8,2.3,0.7,0,1.3,2.1,11.6
Marquette,4,Luke Fischer,32,24,4.7,7.3,0.647,4.7,7.3,0.647,0,0,,1.6,2.7,0.588,5.9,1.2,0.6,1.7,1.2,3.4,10.9
Marquette,5,Katin Reinhardt,29,25.8,3.6,8.9,0.403,1.6,3.7,0.443,2,5.2,0.375,1.7,1.9,0.889,2.7,2.1,0.6,0.1,1.3,1.4,10.8
Marquette,6,Sam Hauser,32,26.5,3,6.4,0.473,1.1,2.1,0.515,2,4.3,0.453,0.8,0.9,0.828,5,1.3,0.8,0.6,0.7,2.5,8.8
Marquette,7,Haanif Cheatham,32,25.4,2.9,6.3,0.458,2.5,5.1,0.491,0.4,1.3,0.325,2.5,3.2,0.767,3.8,2.2,0.7,0.1,1.6,1.5,8.7
Marquette,8,Duane Wilson,30,16.4,1.8,4.3,0.422,1.3,2.7,0.5,0.5,1.6,0.292,0.7,1.1,0.688,1.8,1.6,1,0.1,0.8,2,4.8
Marquette,9,Traci Carter,8,16.3,1.6,2.9,0.565,1.3,2,0.625,0.4,0.9,0.429,0.6,1,0.625,2.1,3.6,0.5,0,1.4,1.9,4.3
Marquette,10,Matt Heldt,32,13.1,0.9,1.3,0.7,0.9,1.3,0.7,0,0,,0.6,1,0.563,2.9,0.2,0.2,0.4,0.3,2.1,2.3
Marquette,11,Cam Marotta,9,2.1,0.1,0.7,0.167,0,0.3,0,0.1,0.3,0.333,0.2,0.2,1,0.2,0.2,0,0,0.3,0.2,0.6
Marquette,12,Sandy Cohen,3,6.3,0,1.3,0,0,1.3,0,0,0,,0,0,,1,0.3,0,0.7,1.3,0.3,0
Marquette,13,Deon Franklin,8,2,0,0.3,0,0,0.1,0,0,0.1,0,0,0,,0.4,0,0.1,0.1,0.1,0.5,0
Xavier,1,Trevon Bluiett,36,35.1,5.9,13.4,0.439,3.4,6.6,0.506,2.5,6.8,0.373,4.1,5.5,0.753,5.7,2.1,0.9,0.1,2.2,2.4,18.4
Xavier,2,J.P. Macura,38,33.5,4.7,11.1,0.425,3,6.1,0.498,1.7,5,0.337,3.3,4.1,0.79,4.4,2.9,1.4,0.2,2,2.4,14.4
Xavier,3,Edmond Sumner,22,31.7,4.6,9.6,0.479,4,7.6,0.533,0.5,2,0.273,4.6,6.2,0.737,4.2,4.8,1.2,0.7,2.6,2.3,14.3
Xavier,4,Rashid Gaston,38,18.1,3,5.1,0.59,3,5.1,0.59,0,0,,1.3,2.4,0.554,5.9,0.6,0.2,0.5,1.1,2.3,7.4
Xavier,5,Malcolm Bernard,38,28,2.2,5.3,0.418,1,2.2,0.452,1.2,3.1,0.393,0.9,1.6,0.583,4.1,1.5,1,0.3,1.5,2.7,6.6
Xavier,6,Sean O'Mara,38,13.8,2.3,3.8,0.603,2.3,3.8,0.603,0,0,,1.4,2.1,0.684,3.1,0.6,0.3,0.3,0.8,1.7,6.1
Xavier,7,Kaiser Gates,33,21,1.9,4.9,0.389,0.7,1.3,0.523,1.2,3.6,0.339,0.8,1.1,0.722,4,0.7,0.5,0.2,0.7,1.8,5.8
Xavier,8,Quentin Goodin,38,24.1,1.8,5.3,0.35,1.5,3.9,0.383,0.3,1.3,0.255,1.1,1.9,0.575,2,3.4,0.9,0.2,1.9,2.1,5.1
Xavier,9,Tyrique Jones,37,11,1.8,3.1,0.602,1.8,3.1,0.602,0,0,,0.5,1.1,0.488,3.1,0.3,0.2,0.4,0.7,2,4.2
Xavier,10,Myles Davis,4,8.5,0,2,0,0,0.5,0,0,1.5,0,0.5,1,0.5,0.5,0,0.3,0,0.5,1.3,0.5
Xavier,11,Leighton Schrand,9,0.9,0,0.1,0,0,0.1,0,0,0,,0.3,0.4,0.75,0,0,0,0,0.1,0.1,0.3
Xavier,12,Tim Stainbrook,13,2.8,0.1,0.4,0.2,0,0,,0.1,0.4,0.2,0,0,,0.2,0.2,0,0.1,0,0.3,0.2
Xavier,13,Cullen Barr,9,0.9,0,0.2,0,0,0.1,0,0,0.1,0,0,0,,0,0,0,0,0,0,0
Xavier,14,Alex Bergen,10,0.8,0,0,,0,0,,0,0,,0,0,,0.2,0,0,0,0,0,0
Xavier,15,Conor Peterson,9,0.9,0,0,,0,0,,0,0,,0,0,,0.2,0,0,0,0,0,0
St. John's,1,Shamorie Ponds,33,33.6,5.8,13.2,0.439,3.5,7.1,0.494,2.3,6.1,0.375,3.5,4.3,0.823,4.4,3.1,2.1,0.2,1.9,1.8,17.4
St. John's,2,Marcus LoVett,30,31.6,5.5,11.9,0.464,3.9,7.6,0.511,1.7,4.4,0.382,3.1,3.9,0.803,2.9,3.8,1.3,0,2.6,2,15.9
St. John's,3,Bashir Ahmed,33,26.7,4.3,10.9,0.394,2.7,6.5,0.423,1.6,4.5,0.354,3.2,4.7,0.679,5.5,1.2,0.5,0.6,2.3,2.5,13.4
St. John's,4,Federico Mussini,30,19.2,2.6,6.3,0.41,0.7,1.9,0.368,1.9,4.4,0.427,1.2,1.4,0.854,1.7,0.9,0.6,0,1,1.2,8.2
St. John's,5,Malik Ellison,33,24.8,2.5,6,0.419,1.6,3.3,0.482,0.9,2.7,0.341,1.4,2.4,0.595,3.3,2.5,0.9,0.2,1.8,2.9,7.4
St. John's,6,Yankuba Sima,10,17.8,2.1,4.7,0.447,2.1,4.7,0.447,0,0,,1.8,2.5,0.72,3.5,0.6,0.4,0.5,1,2.4,6
St. John's,7,Tariq Owens,32,18.8,2,4,0.504,2,4,0.512,0,0.1,0,1.1,1.5,0.75,5.1,0.5,0.6,2.2,0.9,3.2,5.2
St. John's,8,Kassoum Yakwe,33,20.5,1.5,3.6,0.425,1.5,3.6,0.425,0,0,,1.1,1.8,0.593,3.2,0.8,0.2,1.9,0.9,2.8,4.2
St. John's,9,Darien Williams,24,11.9,1.4,2.6,0.54,1.4,2.6,0.548,0,0,0,1,1.4,0.727,2.6,0.2,0.4,0.5,0.6,2.2,3.8
St. John's,10,Amar Alibegovic,26,10.3,0.7,1.8,0.413,0.5,0.8,0.571,0.3,1,0.28,0.4,0.7,0.588,1.7,0.7,0.2,0.4,0.5,1.8,2.1
St. John's,11,Richard Freudenberg,26,9.3,0.5,1.8,0.25,0.2,0.5,0.385,0.3,1.3,0.2,0.1,0.2,0.75,1.3,0.5,0,0.1,0.7,1.2,1.3
St. John's,12,Elijah Holifield,8,1.6,0.5,0.8,0.667,0.4,0.4,1,0.1,0.4,0.333,0,0.3,0,0.1,0.3,0.4,0,0.3,0.5,1.1
St. John's,13,Brandon Lawrence,3,0.7,0.3,0.3,1,0.3,0.3,1,0,0,,0,0,,0,0,0,0,0,0,0.7
St. John's,14,Marvin Clark,1,0,0,0,,0,0,,0,0,,0,0,,0,0,0,0,0,0,0
St. John's,15,Justin Cole,3,1.7,0,0.3,0,0,0.3,0,0,0,,0,0,,0.3,0,0,0,0,0,0
St. John's,16,Justin Simon,1,0,0,0,,0,0,,0,0,,0,0,,0,0,0,0,0,0,0
Georgetown,1,Rodney Pryor,32,32.6,6.6,13.8,0.482,4,7.4,0.54,2.6,6.3,0.414,2.2,2.9,0.734,5,1.3,0.8,0.7,1.7,2.3,18
Georgetown,2,L.J. Peak,32,32.8,5.2,10.9,0.48,4.2,7.7,0.543,1,3.2,0.327,4.8,6,0.796,3.8,3.5,1.1,0.4,2.7,2.8,16.2
Georgetown,3,Jessie Govan,32,21,4,7.8,0.512,3.6,6.7,0.53,0.4,1.1,0.4,1.7,2.5,0.667,5,1.4,0.5,1,1.7,2.8,10.1
Georgetown,4,Marcus Derrickson,28,23.8,2.7,6.3,0.432,1.6,3,0.53,1.1,3.3,0.344,1.7,2.1,0.828,4.4,1.4,0.4,0.6,1.3,3,8.3
Georgetown,5,Isaac Copeland,7,19.6,1.6,5.7,0.275,1.6,4.3,0.367,0,1.4,0,2.3,2.7,0.842,3.3,0.9,0.9,0,1,1.7,5.4
Georgetown,6,Akoy Agau,32,15,1.3,2.6,0.5,1.2,2.2,0.565,0.1,0.5,0.2,1.8,2.1,0.851,4.3,0.9,0.2,0.9,1.6,2.2,4.5
Georgetown,7,Bradley Hayes,25,13.6,1.9,3.5,0.534,1.9,3.5,0.534,0,0,,0.5,1.3,0.375,4,0.8,0.3,0.8,1.2,1.8,4.2
Georgetown,8,Jagan Mosely,31,20,1.2,3.1,0.371,0.9,1.9,0.45,0.3,1.2,0.243,1.6,2.1,0.769,2.2,2.5,0.7,0.2,1.4,2.2,4.2
Georgetown,9,Jonathan Mulmore,32,20.2,0.9,2.6,0.357,0.6,1.7,0.364,0.3,0.9,0.345,1.4,1.9,0.75,1.3,1.9,0.5,0.1,1.2,2.3,3.6
Georgetown,10,Tre Campbell,21,14,1.1,3,0.387,0.6,1.3,0.444,0.6,1.7,0.343,0.6,1,0.619,1.2,1.3,0.6,0,0.9,0.8,3.5
Georgetown,11,Kaleb Johnson,31,10.7,0.7,1.7,0.442,0.6,1.3,0.5,0.1,0.4,0.25,0.7,1.4,0.523,1.9,0.4,0.4,0.1,0.4,1.3,2.3
Georgetown,12,Reggie Cameron,17,8.1,0.5,1.4,0.391,0.2,0.3,0.6,0.4,1.1,0.333,0.3,0.6,0.5,0.9,0.4,0.2,0.1,0.5,0.4,1.7
Georgetown,13,Trey Mourning,10,1.8,0.3,0.6,0.5,0.3,0.6,0.5,0,0,,0.2,0.2,1,0.5,0,0,0.1,0,0.4,0.8
Georgetown,14,Ra'Mond Hines,5,1.4,0,0.2,0,0,0,,0,0.2,0,0.2,0.4,0.5,0,0.2,0,0,0.2,0,0.2
Georgetown,15,George Muresan,5,1.2,0,0.2,0,0,0,,0,0.2,0,0,0,,0,0,0.2,0,0,0,0
DePaul,1,Eli Cain,32,33.1,5.3,13.3,0.398,3.7,8.7,0.426,1.6,4.6,0.345,3.5,4.8,0.721,4.5,2.7,1,0.4,2.4,2.7,15.6
DePaul,2,Billy Garrett,32,29.3,4.4,11.3,0.388,3.1,7.8,0.399,1.3,3.5,0.363,4.9,5.6,0.882,2.9,3.3,1.2,0.2,3.3,2.5,14.9
DePaul,3,Tre'Darius McCallum,32,31,3.9,8.8,0.443,3.2,6.3,0.505,0.7,2.4,0.282,1.3,1.7,0.745,6.8,1.3,1.5,0.8,1.6,2.9,9.7
DePaul,4,Brandon Cyrus,32,26.3,2.3,5.9,0.379,1.9,4.7,0.411,0.3,1.2,0.256,1.5,2.1,0.701,4.2,0.9,0.9,0.2,1.4,2.4,6.3
DePaul,5,Chris Harrison-Docks,26,19.5,2.1,5.8,0.362,0.6,1.4,0.405,1.5,4.4,0.348,0.6,0.6,0.938,0.8,0.8,0.6,0,1,1.5,6.3
DePaul,6,Joe Hanel,32,25.7,1.9,2.9,0.649,1.9,2.9,0.649,0,0,,0.8,1.6,0.52,4.8,0.8,0.4,0.4,1.3,3.4,4.6
DePaul,7,Darrick Wood,19,10.2,1.7,3.9,0.427,1.3,2.7,0.471,0.4,1.3,0.333,0.6,1.2,0.522,1.4,0.7,0.2,0.1,0.8,1.2,4.4
DePaul,8,Devin Gage,29,11.9,1.6,3.3,0.474,1.4,2.6,0.541,0.2,0.7,0.238,0.7,1,0.724,0.9,0.9,0.8,0.2,1,1.3,4
DePaul,9,R.J. Curington,19,9.5,1.4,2.8,0.481,1.1,1.7,0.656,0.3,1.2,0.227,0.9,1.1,0.81,1.9,0.6,0.4,0.2,0.8,1,3.9
DePaul,10,Levi Cook,25,10.9,1.2,1.9,0.604,1.2,1.9,0.604,0,0,,0.3,0.5,0.615,2.3,0.1,0,0.4,0.8,1.8,2.6
DePaul,11,Al Eichelberger,26,8.2,0.6,0.8,0.762,0.6,0.8,0.762,0,0,,0.5,1.2,0.406,1.2,0,0.1,0.3,0.4,1,1.7
DePaul,12,Erten Gazi,13,4.2,0.5,0.7,0.667,0.3,0.4,0.8,0.2,0.3,0.5,0.3,0.3,1,0.8,0.2,0.1,0,0.2,0.1,1.4
DePaul,13,David Leitao III,2,2.5,0,0,,0,0,,0,0,,0,0,,0.5,0,0,0,0,0,0
Purdue,1,Caleb Swanigan,35,32.5,6.3,12,0.527,5.3,9.6,0.548,1.1,2.4,0.447,4.7,6,0.781,12.5,3,0.4,0.8,3.4,2.8,18.5
Purdue,2,Vince Edwards,35,28.6,4.6,9.4,0.486,3.2,6.2,0.518,1.3,3.2,0.423,2.1,2.5,0.82,4.9,3.2,0.5,0.5,1.7,1.8,12.6
Purdue,3,Isaac Haas,35,19.5,4.5,7.7,0.587,4.5,7.7,0.587,0,0,,3.5,4.9,0.711,5,0.6,0.3,0.8,2.2,2.1,12.6
Purdue,4,Carsen Edwards,35,23.2,3.7,9.6,0.382,2.3,5.5,0.414,1.4,4.1,0.34,1.6,2.2,0.724,2.6,1.8,1.1,0.1,1.8,1.9,10.3
Purdue,5,Dakota Mathias,35,31.7,3.4,7.2,0.47,1.3,2.6,0.5,2.1,4.5,0.453,0.9,1.1,0.821,3.9,3.8,0.9,0.1,1.5,2.1,9.7
Purdue,6,P.J. Thompson,35,28.6,2.5,5.5,0.455,1,1.7,0.576,1.5,3.8,0.402,0.9,1.3,0.705,2.1,2.9,1,0,0.7,2,7.4
Purdue,7,Ryan Cline,31,21.4,1.8,4.3,0.425,0.4,0.8,0.48,1.5,3.5,0.413,0.3,0.4,0.818,2,1.6,0.4,0.1,0.7,1.4,5.4
Purdue,8,Basil Smotherman,18,12.1,1.7,3,0.556,1.4,2.3,0.634,0.2,0.7,0.308,0.3,0.6,0.545,1.7,0.8,0.5,0.1,0.7,1.7,3.9
Purdue,9,Spike Albrecht,28,12.5,0.4,1.5,0.268,0.2,0.5,0.333,0.2,0.9,0.231,0.6,0.7,0.947,1.5,1.3,0.4,0,0.3,0.9,1.6
Purdue,10,Grady Eifert,16,2.9,0.4,0.4,0.857,0.4,0.4,0.857,0,0,,0.2,0.3,0.6,0.5,0,0.1,0.1,0,0.2,0.9
Purdue,11,Jon McKeeman,15,1.9,0.1,0.3,0.4,0.1,0.2,0.333,0.1,0.1,0.5,0,0,,0.1,0,0.1,0,0.1,0.1,0.3
Purdue,12,Tommy Luce,15,1.7,0,0.3,0,0,0.3,0,0,0.1,0,0.1,0.2,0.333,0,0.3,0.1,0,0.4,0.2,0.1
Wisconsin,1,Bronson Koenig,36,31.4,5,12,0.42,2.2,4.7,0.459,2.9,7.3,0.395,1.6,1.8,0.905,2.1,2,0.6,0.3,1.4,1.7,14.5
Wisconsin,2,Ethan Happ,37,27.9,5.9,10,0.588,5.9,10,0.588,0,0,,2.2,4.4,0.5,9,2.8,1.8,1.2,2.2,2.8,14
Wisconsin,3,Nigel Hayes,37,32.2,4.9,10.6,0.457,4.3,8.8,0.488,0.6,1.9,0.314,3.6,6.2,0.587,6.6,2.7,0.8,0.4,1.7,1.8,14
Wisconsin,4,Zak Showalter,37,29.4,2.9,5.8,0.5,1.6,2.5,0.637,1.3,3.3,0.398,1.2,1.4,0.83,2.9,1.8,1.5,0.3,1.1,2.7,8.3
Wisconsin,5,Vitto Brown,37,20.9,2.5,6.3,0.397,1.3,2.5,0.511,1.2,3.7,0.319,0.7,0.9,0.758,3.8,1,0.5,0.4,1.4,2.1,6.8
Wisconsin,6,D'Mitrik Trice,37,18.2,1.9,5,0.38,0.9,2.5,0.344,1,2.5,0.418,0.8,1,0.789,1.9,1.7,0.5,0.1,1,1.4,5.6
Wisconsin,7,Khalil Iverson,35,15.2,1.4,2.7,0.532,1.3,2.3,0.568,0.1,0.4,0.308,0.9,1.6,0.561,3.3,0.6,0.5,0.6,0.9,1.1,3.9
Wisconsin,8,Charles Thomas IV,28,6.3,0.8,1.9,0.389,0.7,1.7,0.396,0.1,0.2,0.333,0.6,0.7,0.9,1.3,0.2,0,0.1,0.6,1.4,2.2
Wisconsin,9,Brevin Pritzl,24,8.6,0.5,1.6,0.342,0.3,0.7,0.471,0.2,0.9,0.238,0.6,0.8,0.737,1.1,0.1,0.3,0,0.2,0.8,1.9
Wisconsin,10,Jordan Hill,35,10.2,0.5,1.5,0.352,0.3,0.5,0.526,0.3,1,0.257,0.2,0.3,0.667,1.1,0.5,0.2,0,0.3,0.7,1.5
Wisconsin,11,Andy Van Vliet,13,3.7,0.5,1.3,0.353,0.2,0.7,0.333,0.2,0.6,0.375,0.2,0.3,0.75,1.5,0.2,0,0.2,0.2,0.2,1.4
Wisconsin,12,Alex Illikainen,27,8.3,0.4,1.4,0.324,0.3,0.8,0.381,0.1,0.6,0.25,0.2,0.4,0.5,1.5,0.3,0.1,0.1,0.2,0.7,1.3
Wisconsin,13,T.J. Schlundt,12,1.7,0.1,0.5,0.167,0.1,0.2,0.5,0,0.3,0,0.1,0.1,1,0.2,0,0,0.1,0,0.1,0.3
Wisconsin,14,Aaron Moesch,17,2.4,0.1,0.2,0.25,0.1,0.2,0.25,0,0,,0.1,0.1,0.5,0.4,0.1,0.1,0,0,0.1,0.2
Wisconsin,15,Matt Ferris,9,1.2,0,0.6,0,0,0.3,0,0,0.2,0,0,0,,0.6,0.2,0.1,0,0,0.1,0
Maryland,1,Melo Trimble,33,32.1,5.5,12.5,0.436,3.7,7,0.53,1.8,5.5,0.317,4.2,5.3,0.789,3.6,3.7,1.1,0.2,3,1.8,16.8
Maryland,2,Justin Jackson,33,27.8,3.5,8.1,0.438,2.2,4.9,0.438,1.4,3.2,0.438,2,2.9,0.698,6,0.9,0.9,0.8,1.6,2.2,10.5
Maryland,3,Anthony Cowan,33,29,2.9,6.9,0.424,2.2,4.5,0.48,0.8,2.5,0.321,3.6,4.7,0.769,3.9,3.7,1.2,0.2,2.3,2,10.3
Maryland,4,Kevin Huerter,33,29.4,3.4,8,0.42,1.4,2.7,0.517,2,5.3,0.371,0.6,0.8,0.714,4.9,2.7,1,0.7,1.4,1.8,9.3
Maryland,5,Michal Cekovsky,17,13.2,3.2,4.8,0.671,3.2,4.8,0.671,0,0,,1.1,2.2,0.514,2.8,0.5,0.1,1.2,0.9,2.5,7.6
Maryland,6,Damonte Dodd,26,19.5,2.3,4,0.581,2.3,4,0.581,0,0,,1.5,2.8,0.527,4.4,0.4,0.2,2,1.4,3.4,6.2
Maryland,7,Jaylen Brantley,33,16.8,1.7,4.4,0.382,0.7,1.8,0.377,1,2.5,0.386,0.6,1,0.618,2,1,0.5,0,0.6,1.3,4.9
Maryland,8,Ivan Bender,32,14.3,2,3,0.663,2,3,0.663,0,0,,0.9,1.4,0.622,3.2,0.9,0.2,0.4,0.9,2.3,4.8
Maryland,9,L.G. Gill,33,12.7,1.1,2.5,0.451,1,2.2,0.472,0.1,0.3,0.3,1.2,1.8,0.644,2.1,0.3,0.2,0.2,0.3,1.6,3.5
Maryland,10,Dion Wiley,20,10.3,1,3,0.322,0.2,1,0.211,0.8,2,0.375,0.5,0.7,0.714,1.5,0.6,0.2,0.2,0.6,1.1,3.2
Maryland,11,Jared Nickens,33,10.2,1,3,0.327,0.2,0.6,0.263,0.8,2.4,0.342,0.3,0.4,0.833,0.9,0.2,0.1,0.1,0.4,0.8,3.1
Maryland,12,Travis Valmon,5,1.6,0,0.2,0,0,0.2,0,0,0,,0.4,0.4,1,0.4,0,0.2,0,0.4,0.6,0.4
Maryland,13,Andrew Terrell,5,1.6,0,0.2,0,0,0,,0,0.2,0,0,0,,0,0.4,0,0,0,0.2,0
Minnesota,1,Nate Mason,34,34.5,5,13.2,0.376,3.4,8.8,0.383,1.6,4.4,0.36,3.7,4.6,0.808,3.6,5,1.3,0.1,1.9,1.6,15.2
Minnesota,2,Amir Coffey,33,33.2,4,8.8,0.449,3,6,0.503,1,2.9,0.337,3.3,4.4,0.753,3.8,3.1,1.1,0.2,1.9,1.7,12.2
Minnesota,3,Jordan Murphy,34,27.5,4.2,8.4,0.502,4.1,7.5,0.549,0.1,0.9,0.125,2.7,4.4,0.615,8.8,0.9,0.7,1.1,1.6,3,11.3
Minnesota,4,Dupree McBrayer,34,27.9,3.8,8.4,0.448,2.7,5.8,0.462,1.1,2.6,0.416,2.4,3.3,0.741,2,2.7,0.9,0.3,1.5,1.5,11.1
Minnesota,5,Akeem Springs,32,24,3.2,8.4,0.381,1.1,2.9,0.376,2.1,5.5,0.383,1,1.5,0.681,3,1.3,0.6,0.2,0.9,1.1,9.5
Minnesota,6,Reggie Lynch,33,23.1,3.3,6,0.543,3.3,6,0.543,0,0,,1.9,2.9,0.639,6.1,0.5,0.5,3.5,1.5,3.4,8.4
Minnesota,7,Eric Curry,34,20,2,4.7,0.431,1.9,3.9,0.489,0.1,0.9,0.172,1.3,1.9,0.703,5.2,1.2,0.4,0.7,1,2,5.5
Minnesota,8,Ahmad Gilbert,15,5,0.5,1.8,0.296,0.1,0.3,0.2,0.5,1.5,0.318,0.1,0.3,0.5,0.9,0.1,0.1,0.1,0.5,0.5,1.7
Minnesota,9,Bakary Konate,33,9.7,0.6,1.2,0.463,0.6,1.2,0.475,0,0,0,0.5,0.7,0.625,2.8,0.1,0.2,0.8,0.5,2.2,1.6
Minnesota,10,Brady Rudrud,5,1.8,0.4,0.6,0.667,0.2,0.4,0.5,0.2,0.2,1,0.2,0.4,0.5,0.2,0,0,0,0,0,1.2
Minnesota,11,Michael Hurt,25,6,0.2,0.8,0.3,0.2,0.2,0.667,0.1,0.6,0.143,0.2,0.2,1,0.5,0.2,0.1,0,0.2,0.5,0.7
Minnesota,12,Gaston Diedhiou,4,2.3,0.3,0.8,0.333,0.3,0.5,0.5,0,0.3,0,0,0,,0.5,0,0,0,0,0,0.5
Minnesota,13,Stephon Sharp,9,1.8,0,0,,0,0,,0,0,,0.2,0.2,1,0,0.1,0.1,0,0.1,0.3,0.2
Minnesota,14,Darin Haugh,5,1.6,0,0.2,0,0,0,,0,0.2,0,0,0,,0.4,0.4,0,0,0.2,0,0
Michigan,1,Derrick Walton,38,34.8,4.5,10.3,0.436,1.9,4.2,0.456,2.6,6.1,0.422,3.9,4.5,0.876,4.8,4.9,1.1,0,1.7,1.7,15.5
Michigan,2,Zak Irvin,38,35.4,5.1,11.3,0.453,3.7,7.2,0.516,1.4,4.1,0.344,1.3,2,0.671,4.5,3,0.9,0.1,1.9,1.2,13
Michigan,3,Moritz Wagner,38,23.9,4.4,7.9,0.56,3.2,4.9,0.661,1.2,3,0.395,2,2.8,0.726,4.2,0.5,1,0.4,1.4,2.7,12.1
Michigan,4,D.J. Wilson,38,30.4,4.3,8,0.538,3.2,5.1,0.631,1.1,2.9,0.373,1.3,1.6,0.833,5.3,1.3,0.5,1.5,1.1,1.9,11
Michigan,5,Muhammad-Ali Abdur-Rahkman,38,30.6,3.2,6.8,0.463,2.1,3.9,0.527,1.1,2.9,0.378,1.6,2.1,0.765,2.8,1.9,0.9,0.1,1.1,2.2,9.1
Michigan,6,Duncan Robinson,38,20.1,2.7,5.7,0.47,1,1.7,0.578,1.7,4,0.424,0.7,0.8,0.781,1.7,0.9,0.4,0.2,0.5,1.8,7.7
Michigan,7,Mark Donnal,38,12.2,1.3,2.1,0.617,1.1,1.7,0.651,0.2,0.5,0.5,1,1.3,0.78,2,0.1,0.3,0.3,0.4,1.5,3.9
Michigan,8,Xavier Simpson,38,8.7,0.4,1.1,0.372,0.3,0.6,0.458,0.1,0.5,0.263,0.6,0.8,0.71,0.6,1,0.6,0.1,0.5,1.2,1.6
Michigan,9,Ibi Watson,19,4.4,0.5,1.5,0.345,0.5,0.6,0.818,0.1,0.9,0.056,0.2,0.2,0.75,0.4,0.1,0.1,0,0.2,0.3,1.3
Michigan,10,Sean Lonergan,17,2.1,0.2,0.5,0.444,0.2,0.4,0.571,0,0.1,0,0.2,0.4,0.5,0.4,0.2,0,0.1,0.1,0.6,0.6
Michigan,11,Fred Wright-Jones,13,1.5,0.1,0.3,0.25,0,0.2,0,0.1,0.2,0.5,0.2,0.2,1,0.1,0,0,0,0.1,0.2,0.4
Michigan,12,Brent Hibbitts,11,2,0.1,0.2,0.5,0,0,,0.1,0.2,0.5,0,0,,0.4,0.2,0,0,0.2,0.2,0.3
Michigan,13,Jon Teske,20,3,0.1,0.4,0.143,0.1,0.3,0.167,0,0.1,0,0.2,0.3,0.5,0.6,0.1,0.1,0.3,0.1,0.5,0.3
Northwestern,1,Bryant McIntosh,36,34.2,5.5,13.7,0.404,4.4,9.9,0.441,1.2,3.8,0.307,2.6,3,0.87,2.8,5.2,0.7,0.1,2.7,2.1,14.8
Northwestern,2,Scottie Lindsey,32,30.5,5.1,12,0.424,3.3,6.4,0.515,1.8,5.6,0.322,2.1,2.5,0.838,3.8,2.3,1,0.3,1.4,2.3,14.1
Northwestern,3,Vic Law,36,32.1,4.1,10.2,0.402,2.4,6,0.403,1.7,4.2,0.4,2.5,3.4,0.738,5.8,1.8,1,0.5,1.6,2.7,12.3
Northwestern,4,Dererk Pardon,28,30.8,3.6,6,0.611,3.6,6,0.611,0,0,,1.3,2.4,0.544,8.1,1.1,0.8,1.8,1.1,2.7,8.6
Northwestern,5,Isiah Brown,35,14.8,2,6,0.332,1.5,4.1,0.352,0.5,1.9,0.288,1.8,2.3,0.768,1.2,1.2,0.5,0.2,1.1,1.7,6.3
Northwestern,6,Sanjay Lumpkin,36,28,2.1,3.8,0.558,1.7,2.4,0.705,0.4,1.4,0.3,1.3,1.9,0.681,5.4,1.4,0.6,0.4,0.7,3.1,6
Northwestern,7,Gavin Skelly,36,17.7,2,4.3,0.465,1.5,2.6,0.568,0.5,1.7,0.3,1.4,1.9,0.754,3.7,1.3,0.3,1.2,1.3,2.8,5.9
Northwestern,8,Nathan Taphorn,35,12.2,1.5,3.1,0.473,0.4,0.8,0.481,1.1,2.4,0.47,0.4,0.5,0.813,1.5,0.7,0.1,0.2,0.4,1.2,4.5
Northwestern,9,Barret Benson,32,8,0.8,1.4,0.591,0.8,1.4,0.591,0,0,,0.4,0.7,0.565,1.6,0.4,0.3,0.6,0.3,1.6,2
Northwestern,10,Jordan Ash,26,4,0.2,0.8,0.238,0,0.2,0,0.2,0.6,0.313,0,0,,0.5,0.4,0.2,0,0.2,0.4,0.6
Northwestern,11,Aaron Falzon,3,6.7,0,1,0,0,0,,0,1,0,0,0,,0.7,1,0,0.3,0.3,0.3,0
Northwestern,12,Charlie Hall,7,1.1,0,0.3,0,0,0,,0,0.3,0,0,0,,0.6,0,0,0,0,0,0
Michigan State,1,Miles Bridges,28,32,6.3,13,0.486,4.3,7.9,0.55,2,5.1,0.389,2.3,3.3,0.685,8.3,2.1,0.7,1.5,2.4,1.9,16.9
Michigan State,2,Nick Ward,35,19.8,5.2,8.7,0.592,5.2,8.7,0.592,0,0,,3.5,5.7,0.615,6.5,0.4,0.3,1.5,1.7,2.8,13.9
Michigan State,3,Eron Harris,27,22.9,3.7,8.7,0.432,2.1,4.6,0.472,1.6,4.1,0.387,1.7,2.2,0.763,3,1.7,0.4,0.2,1.7,1.5,10.7
Michigan State,4,Joshua Langford,35,21,2.7,5.4,0.497,1.6,2.9,0.57,1.1,2.5,0.416,0.5,0.7,0.654,2.3,1.1,0.4,0.1,1.1,2,6.9
Michigan State,5,Cassius Winston,35,20.7,2.2,5.2,0.423,1.4,3.2,0.45,0.8,2,0.38,1.6,2,0.786,1.8,5.2,0.7,0.1,2.2,2.1,6.7
Michigan State,6,Alvin Ellis,35,19.4,2.1,5.1,0.4,0.9,1.9,0.463,1.2,3.2,0.363,1.1,1.6,0.702,3.1,1.2,0.6,0.4,1.4,1.9,6.4
Michigan State,7,Matt McQuaid,34,21,1.8,5.1,0.353,0.6,1.6,0.358,1.2,3.5,0.35,0.7,1,0.714,1.9,1.2,0.4,0.1,0.8,2,5.6
Michigan State,8,Lourawls Nairn,35,22.8,1.4,3.3,0.417,1,2.2,0.462,0.3,1.1,0.324,0.4,0.8,0.519,2.5,3.6,0.4,0.1,1.1,1.7,3.5
Michigan State,9,Kenny Goins,35,18.3,1.4,2.4,0.578,1.4,2.4,0.578,0,0,,0.6,0.9,0.667,4.5,0.6,0.2,0.6,1.1,2.6,3.4
Michigan State,10,Kyle Ahrens,34,8.2,0.9,2.1,0.429,0.4,0.7,0.6,0.4,1.3,0.333,0.4,0.5,0.75,1.1,0.2,0,0,0.3,1.4,2.6
Michigan State,11,Matt Van Dyk,30,7.7,0.5,0.9,0.538,0.5,0.9,0.538,0,0,,0.4,0.8,0.478,1.7,0.4,0.3,0.4,0.4,1.1,1.3
Michigan State,12,Conner George,10,1.2,0.1,0.2,0.5,0.1,0.1,1,0,0.1,0,0.4,0.6,0.667,0.3,0.1,0,0,0.3,0,0.6
Michigan State,13,Greg Roy,8,1,0.1,0.4,0.333,0.1,0.3,0.5,0,0.1,0,0.1,0.3,0.5,0.1,0,0,0,0,0.3,0.4
Iowa,1,Peter Jok,32,30.7,6.2,14.6,0.427,3.6,7.7,0.469,2.6,6.9,0.38,4.8,5.3,0.911,5.5,2.6,1.1,0.1,2.5,2.2,19.9
Iowa,2,Tyler Cook,27,24.5,4.7,8.6,0.554,4.7,8.3,0.565,0.1,0.3,0.25,2.7,4.5,0.598,5.3,1,0.7,0.4,2.4,2.5,12.3
Iowa,3,Jordan Bohannon,34,29.6,3.5,8.9,0.388,0.9,2.6,0.322,2.6,6.3,0.416,1.4,1.6,0.855,2.2,5.1,0.9,0.1,2.2,1.6,10.9
Iowa,4,Cordell Pemsl,34,19.3,3.4,5.5,0.617,3.4,5.5,0.62,0,0,0,2,3.5,0.575,5,1.1,0.7,0.7,1.6,2.5,8.9
Iowa,5,Nicholas Baer,34,23.8,2.7,6,0.448,1.3,2.6,0.517,1.4,3.4,0.397,0.8,1.3,0.614,5.8,1.7,1.4,1.3,0.8,2.3,7.5
Iowa,6,Isaiah Moss,34,17.1,2.5,6,0.412,1.6,3.6,0.447,0.9,2.4,0.358,0.7,0.9,0.742,1.6,0.9,0.6,0.4,1.1,1.2,6.5
Iowa,7,Ahmad Wagner,34,16,1.9,3.6,0.512,1.9,3.6,0.521,0,0.1,0,1.1,2.4,0.463,3.4,1.4,0.8,0.4,0.9,2.1,4.8
Iowa,8,Brady Ellingson,34,14.2,1.4,3.3,0.441,0.5,1.3,0.395,0.9,2,0.471,0.5,0.5,1,1.1,1.1,0.3,0,0.4,0.8,4.4
Iowa,9,Dom Uhl,32,14.6,1.1,3,0.351,0.8,1.7,0.436,0.3,1.3,0.238,1.1,1.6,0.673,3.2,1.2,0.2,0.3,1,1,3.5
Iowa,10,Ryan Kriener,28,8.4,1.4,2.5,0.551,1.3,2.3,0.578,0,0.2,0.2,0.3,0.5,0.6,2.2,0.4,0.2,0.3,0.6,1.4,3.1
Iowa,11,Christian Williams,34,12.8,0.9,2.7,0.348,0.9,2.3,0.38,0.1,0.4,0.154,0.4,0.8,0.519,1.6,1.6,0.8,0,0.9,0.9,2.4
Iowa,12,Maishe Dailey,12,7.6,0.8,1.8,0.455,0.5,0.8,0.6,0.3,1,0.333,0.3,0.5,0.5,1.6,0.4,0.3,0.1,0.4,0.5,2.3
Iowa,13,Dale Jones,5,3.2,0.2,1.6,0.125,0,0.2,0,0.2,1.4,0.143,0,0,,0.8,0.2,0,0,0.4,1,0.6
Iowa,14,Charlie Rose,7,1.3,0.1,0.4,0.333,0.1,0.3,0.5,0,0.1,0,0,0,,0.1,0.1,0,0,0.1,0.4,0.3
Illinois,1,Malcolm Hill,35,33.3,5.4,12.4,0.434,3.5,7.2,0.492,1.9,5.2,0.355,4.6,5.8,0.784,5.1,2.9,1.2,0.4,1.9,2.1,17.2
Illinois,2,Maverick Morgan,35,25.6,4.1,7.6,0.54,4.1,7.6,0.54,0,0,,1.7,2.7,0.656,4.5,0.9,0.3,0.8,1.7,2.2,9.9
Illinois,3,Tracy Abrams,35,24.2,3,7,0.426,1.5,3.3,0.453,1.5,3.6,0.402,1.2,1.7,0.712,2.9,2.3,1,0.2,1.3,2,8.6
Illinois,4,Leron Black,31,20.2,3.3,7.2,0.453,2.9,6,0.484,0.4,1.2,0.297,1.3,1.7,0.722,6.3,0.4,0.5,0.1,1.2,2.9,8.1
Illinois,5,Jalen Coleman-Lands,35,24.3,2.7,7.3,0.366,0.7,2,0.329,2,5.3,0.38,0.6,0.7,0.84,2.3,1,0.7,0.1,1,2.1,8
Illinois,6,Michael Finke,32,19.8,2.6,5.4,0.483,1.4,2.6,0.561,1.2,2.8,0.411,0.5,1,0.548,4.2,0.7,0.3,0.2,0.9,1.4,6.9
Illinois,7,Mike Thorne,24,13.3,2.2,4,0.547,2.2,4,0.547,0,0,,0.7,1.5,0.457,3.3,0.3,0,0.3,1.1,2.1,5
Illinois,8,Kipper Nichols,21,13.6,1.9,4.1,0.453,1.3,2.8,0.458,0.6,1.3,0.444,0.6,1,0.619,2.9,0.1,0.3,0.3,0.7,2.2,4.9
Illinois,9,Te'Jon Lucas,31,20.7,1.5,3.7,0.409,1.1,2.7,0.422,0.4,1,0.375,1.4,2.3,0.592,1.9,3.1,1,0,1.6,1.9,4.8
Illinois,10,Jaylon Tate,26,15.7,0.7,1.8,0.383,0.6,1.4,0.444,0.1,0.4,0.182,0.9,1.3,0.686,1.3,2.8,0.5,0.1,1.2,1.2,2.4
Illinois,11,D.J. Williams,17,8.8,1,2.4,0.425,0.9,1.8,0.5,0.1,0.6,0.2,0.2,0.3,0.6,0.9,0.5,0.1,0.3,0.5,0.4,2.3
Illinois,12,Aaron Jordan,24,6.9,0.3,1.2,0.286,0.1,0.3,0.25,0.3,0.8,0.3,0,0.3,0.167,1.1,0.2,0.3,0,0.2,0.8,1
Illinois,13,Alex Austin,9,2.2,0.2,0.9,0.25,0.2,0.4,0.5,0,0.4,0,0,0,,0.9,0,0,0,0,0.3,0.4
Illinois,14,Clayton Jones,9,1.2,0.1,0.3,0.333,0,0.1,0,0.1,0.2,0.5,0.1,0.1,1,0,0,0,0,0,0,0.4
Illinois,15,Samson Oladimeji,7,1.1,0,0.1,0,0,0,,0,0.1,0,0.3,0.4,0.667,0.4,0,0,0,0,0.1,0.3
Ohio State,1,Jae'Sean Tate,32,31.9,5.7,10.4,0.547,5.4,9.3,0.586,0.3,1.1,0.222,2.7,4.7,0.573,6.4,2,1.1,0.5,2.3,3.2,14.3
Ohio State,2,Marc Loving,32,33.9,3.8,9.2,0.417,2,4.5,0.455,1.8,4.8,0.382,2.8,3.7,0.739,4.7,1.9,0.6,0.5,2.8,2.2,12.3
Ohio State,3,JaQuan Lyle,31,29.3,3.9,8.5,0.458,2.8,5.9,0.481,1.1,2.6,0.407,2.5,3.5,0.722,3.2,4.6,1,0.1,2.4,1.6,11.4
Ohio State,4,Trevor Thompson,32,23,3.9,6.8,0.571,3.9,6.8,0.571,0,0,,2.8,3.9,0.72,9.2,0.4,0.4,1.5,1.4,3.5,10.6
Ohio State,5,Keita Bates-Diop,9,23.3,4.1,8.2,0.5,3.8,6.6,0.576,0.3,1.7,0.2,1.1,1.6,0.714,5.2,1.3,0.2,1.3,1.6,1.4,9.7
Ohio State,6,Kam Williams,32,30.7,3.4,8.6,0.391,1.8,4.5,0.406,1.6,4.2,0.376,1.1,1.2,0.919,2.1,1,0.8,0.1,1.1,1.5,9.4
Ohio State,7,C.J. Jackson,32,19.1,1.8,4.6,0.395,1,2.1,0.485,0.8,2.5,0.321,1.2,1.7,0.673,2.5,2.9,0.8,0,1.3,1.6,5.6
Ohio State,8,Micah Potter,30,14.1,1.4,3.3,0.434,0.9,1.6,0.542,0.6,1.7,0.333,0.7,1.2,0.6,3.1,0.3,0.3,0.4,0.7,2.3,4.1
Ohio State,9,Andre Wesson,29,11.2,0.7,1.8,0.365,0.2,0.5,0.4,0.4,1.3,0.351,0.5,1,0.536,1.2,0.3,0.2,0.2,0.6,1.1,2.3
Ohio State,10,Joey Lane,4,3,0.5,1.3,0.4,0,0.3,0,0.5,1,0.5,0.3,0.5,0.5,0.5,0,0.3,0,0.5,0,1.8
Ohio State,11,David Bell,15,6.7,0.5,1.2,0.444,0.5,1.2,0.444,0,0,,0.3,0.5,0.571,1.9,0.1,0.1,0.5,0.2,1.1,1.3
Ohio State,12,Jimmy Jent,4,2.5,0.3,1,0.25,0,0.5,0,0.3,0.5,0.5,0,0,,1,0,0,0,0,0,0.8
Indiana,1,James Blackmon,30,30.5,5.8,12.2,0.477,2.8,5,0.553,3,7.2,0.423,2.4,2.9,0.837,4.8,1.9,0.7,0,1.9,1.8,17
Indiana,2,Robert Johnson,34,29.4,4.8,10.6,0.449,2.7,5.1,0.535,2.1,5.6,0.37,1.2,1.6,0.755,4.4,2.5,0.9,0.1,2.3,2.1,12.8
Indiana,3,Thomas Bryant,34,28.1,4.4,8.4,0.519,3.7,6.6,0.556,0.7,1.8,0.383,3.2,4.4,0.73,6.6,1.5,0.8,1.5,2.3,3.1,12.6
Indiana,4,OG Anunoby,16,25.1,4.3,7.6,0.557,3.4,4.8,0.701,0.9,2.8,0.311,1.7,3,0.563,5.4,1.4,1.3,1.3,1.6,2.1,11.1
Indiana,5,Josh Newkirk,34,28.1,3.4,7.6,0.438,2.3,4.9,0.47,1,2.7,0.38,1.3,1.9,0.698,3.1,3.1,0.6,0.2,2.2,2.9,9
Indiana,6,Juwan Morgan,32,22.6,2.7,4.9,0.548,2.4,3.7,0.65,0.3,1.3,0.25,2,2.8,0.739,5.6,1.1,0.6,0.9,1.1,2.6,7.7
Indiana,7,De'Ron Davis,34,13.9,1.9,4,0.485,1.9,4,0.485,0,0,,2,2.6,0.756,3.1,0.9,0.4,0.7,1.2,2.4,5.9
Indiana,8,Devonte Green,32,15.2,1.5,3.3,0.443,0.7,1.6,0.451,0.8,1.7,0.436,0.8,1.1,0.706,1.8,1.1,0.7,0.2,1.3,0.8,4.4
Indiana,9,Curtis Jones,33,11.2,1.2,3.3,0.352,0.5,1.5,0.354,0.6,1.8,0.35,0.5,0.8,0.72,1.3,0.9,0.4,0.1,0.7,0.8,3.5
Indiana,10,Freddie McSwain,31,8.1,1,1.9,0.552,1,1.8,0.582,0,0.1,0,0.6,1,0.625,2.5,0.1,0.3,0.1,0.7,1.3,2.7
Indiana,11,Tim Priller,10,2.7,0.7,0.9,0.778,0.7,0.9,0.778,0,0,,0.5,0.6,0.833,1.1,0.4,0,0.2,0.1,0.7,1.9
Indiana,12,Grant Gelon,12,3.3,0.6,0.8,0.778,0.3,0.3,1,0.3,0.4,0.6,0.4,0.7,0.625,0.4,0,0.1,0,0.1,0.5,1.8
Indiana,13,Zach McRoberts,31,11.3,0.3,0.9,0.333,0.2,0.5,0.333,0.1,0.4,0.333,0.1,0.1,1,1.5,0.9,0.4,0.2,0.3,1.5,0.8
Indiana,14,Quentin Taylor,6,1.7,0.2,0.2,1,0.2,0.2,1,0,0,,0,0,,0.3,0,0.2,0,0.7,0.3,0.3
Penn State,1,Tony Carr,33,32.8,4.3,11.3,0.377,3.3,8.2,0.399,1,3.1,0.32,3.7,4.8,0.771,4.8,4.2,0.7,0.3,2.6,2.2,13.2
Penn State,2,Lamar Stevens,33,27.8,4.5,10.4,0.43,4.2,9.4,0.442,0.3,1,0.324,3.4,4.4,0.767,5.6,1.7,0.8,0.7,2.2,2.7,12.7
Penn State,3,Shep Garner,33,32.1,4,10.6,0.38,1.5,3.7,0.421,2.5,6.9,0.358,1.5,1.9,0.762,2.8,2.4,1.2,0.1,1.8,1.9,12
Penn State,4,Payton Banks,32,26.7,3.3,9.2,0.362,1,2.9,0.359,2.3,6.3,0.363,1.5,1.9,0.817,2.2,1,0.4,0.3,1,2,10.4
Penn State,5,Mike Watkins,33,23.8,3.9,6.6,0.587,3.9,6.6,0.587,0,0,,1.9,3,0.643,8,0.6,0.8,2.7,1.3,2.5,9.7
Penn State,6,Josh Reaves,28,27.1,2.9,6.5,0.448,2.2,4.4,0.508,0.7,2.1,0.322,1.2,1.7,0.708,4,2.1,2.1,0.8,1.9,3,7.7
Penn State,7,Terrence Samuel,28,16.7,1.3,3.1,0.407,1,2.4,0.426,0.2,0.6,0.333,1.1,1.6,0.727,2.3,1.8,0.6,0,0.8,1.1,3.9
Penn State,8,Julian Moore,32,14.9,1.1,2.4,0.461,1.1,2.4,0.461,0,0,,0.6,0.8,0.704,2.9,0.3,0.3,0.8,0.9,2,2.8
Penn State,9,Nazeer Bostick,18,6.7,0.5,1.6,0.31,0.5,1.2,0.429,0,0.4,0,0.3,0.3,1,0.8,0.3,0.4,0.2,0.5,0.7,1.3
Penn State,10,Deividas Zemgulis,18,6.2,0.3,1.1,0.25,0.1,0.3,0.333,0.2,0.8,0.214,0.1,0.1,0.5,0.7,0.1,0.1,0.1,0.4,1.2,0.8
Penn State,11,Isaiah Washington,17,5,0.2,0.8,0.214,0,0.1,0,0.2,0.7,0.25,0.2,0.2,0.75,0.3,0.1,0.1,0,0.3,0.7,0.7
Penn State,12,Grant Hazle,4,0.5,0.3,0.5,0.5,0.3,0.5,0.5,0,0,,0,0,,0,0,0,0,0,0,0.5
Penn State,13,Alex Zhao,4,1.3,0,0.5,0,0,0.3,0,0,0.3,0,0,0,,0.3,0,0,0,0,0,0
Nebraska,1,Tai Webster,31,34.7,5.9,14,0.422,4.6,9.6,0.478,1.3,4.4,0.296,3.9,5.3,0.744,5.1,4,1.4,0.1,3.2,2.4,17
Nebraska,2,Glynn Watson Jr.,31,31.6,4.6,11.2,0.416,3.1,7.2,0.429,1.5,3.9,0.393,2.2,2.7,0.81,3,2.6,1.6,0.1,1.5,2.9,13
Nebraska,3,Ed Morrow,24,23.4,3.8,7.5,0.514,3.8,7.5,0.514,0,0,,1.7,2.8,0.612,7.5,0.3,0.3,1.1,2,2.8,9.4
Nebraska,4,Jack McVeigh,30,22.9,2.4,6.5,0.372,0.9,1.9,0.456,1.6,4.6,0.338,1.1,1.4,0.78,2.5,0.6,0.5,0.3,0.7,0.9,7.5
Nebraska,5,Michael Jacobson,31,24,2.3,5.9,0.391,2.2,5.2,0.422,0.1,0.7,0.174,1.2,1.8,0.649,6.2,1.1,0.7,0.9,0.9,2.5,6
Nebraska,6,Evan Taylor,31,24.4,2.1,5,0.413,1.9,4.2,0.446,0.2,0.8,0.24,0.9,1.2,0.73,2.9,1.2,0.9,0.1,1.2,1.7,5.2
Nebraska,7,Jordy Tshimanga,31,12.5,1.8,4.1,0.449,1.8,4.1,0.449,0,0,,1.3,2.1,0.625,4,0.3,0.5,0.5,1.5,2.2,5
Nebraska,8,Jeriah Horne,29,11.8,1.6,4,0.405,0.9,1.7,0.5,0.8,2.3,0.333,0.3,0.5,0.667,1.9,0.4,0.2,0.1,0.8,0.9,4.3
Nebraska,9,Anton Gill,12,17.3,1.3,4.9,0.271,0.7,2.5,0.267,0.7,2.4,0.276,0.4,0.7,0.625,1.9,0.5,0.3,0,0.9,1.4,3.8
Nebraska,10,Isaiah Roby,30,15.2,1.2,3.1,0.394,1.1,2.5,0.446,0.1,0.7,0.2,0.5,0.7,0.762,2.9,0.7,0.5,0.8,1.2,1.9,3.1
Nebraska,11,Nick Fuller,15,5.7,0.4,0.6,0.667,0.4,0.6,0.667,0,0,,0.3,0.5,0.714,1.1,0.3,0.1,0,0.1,1,1.1
Nebraska,12,Mohammad Elradi,2,1.5,0.5,0.5,1,0.5,0.5,1,0,0,,0,0,,0.5,0.5,0,0,0,0,1
Nebraska,13,Malcolm Laws,5,2.2,0.2,1.2,0.167,0.2,1,0.2,0,0.2,0,0,0.6,0,0.2,0,0.2,0,0,0,0.4
Nebraska,14,Tanner Borchardt,1,1,0,0,,0,0,,0,0,,0,0,,0,0,0,0,0,1,0
Nebraska,15,Jason Shultis,2,1.5,0,0,,0,0,,0,0,,0,0,,1.5,0,0,0,0,0,0
Rutgers,1,Corey Sanders,33,30.4,4.9,12.9,0.382,4.3,10.5,0.408,0.6,2.4,0.266,2.3,3.8,0.613,3.2,3.2,1.3,0.5,2.7,1.9,12.8
Rutgers,2,Nigel Johnson,32,26.2,3.9,10.4,0.377,2.6,6.5,0.392,1.3,3.8,0.35,2.2,3.1,0.7,3.3,2,1.2,0.1,1.4,0.9,11.3
Rutgers,3,DeShawn Freeman,33,27,4.2,8.6,0.482,4,8.1,0.489,0.2,0.5,0.375,2.6,4.2,0.62,7.8,0.9,1,0.9,1.9,2.6,11.1
Rutgers,4,Mike Williams,33,26.2,3.3,8.4,0.392,2,4.3,0.462,1.3,4.1,0.319,1.5,2,0.731,5.1,1.1,0.9,0.3,1,2.3,9.4
Rutgers,5,C.J. Gettys,33,22,3.2,5.9,0.544,3.2,5.9,0.544,0,0,,1.3,1.9,0.667,5.2,1.2,0.4,0.8,1.6,2.4,7.7
Rutgers,6,Issa Thiam,31,18.4,1.4,4.1,0.331,0.4,0.9,0.414,1,3.2,0.306,0.1,0.3,0.5,1.7,0.3,0.4,0.1,0.8,1.1,3.8
Rutgers,7,Candido Sa,32,13.5,1.2,3,0.396,1.1,2.4,0.442,0.1,0.6,0.211,0.7,1.4,0.457,2.8,0.3,0.3,0.9,0.8,1.8,3.2
Rutgers,8,Jonathan Laurent,31,13.3,1.1,2.6,0.425,1,2.1,0.462,0.1,0.5,0.267,0.6,0.9,0.714,2.4,0.4,0.5,0.2,1,1.3,3
Rutgers,9,Eugene Omoruyi,33,12,0.9,2.5,0.354,0.9,2.2,0.408,0,0.3,0,0.6,1,0.625,2.2,1,0.5,0.3,1.1,1.4,2.4
Rutgers,10,Shaquille Doorson,31,8.8,0.6,1,0.563,0.6,1,0.563,0,0,,0.1,0.5,0.2,1.6,0.3,0.1,0.5,0.4,1.3,1.3
Rutgers,11,Ibrahima Diallo,18,8.3,0.3,1.5,0.222,0.3,1.4,0.231,0,0.1,0,0.2,0.4,0.375,1.8,0.3,0.3,0.6,0.5,1.7,0.8
Rutgers,12,Khalil Batie,7,2,0.1,0.4,0.333,0,0,,0.1,0.4,0.333,0,0.1,0,0.4,0.3,0,0,0.1,0.1,0.4
Rutgers,13,Jake Dadika,10,5.2,0.1,0.3,0.333,0.1,0.2,0.5,0,0.1,0,0,0,,0.2,0.5,0.2,0,0.4,0.1,0.2
Rutgers,14,Matt Bullock,2,2,0,0.5,0,0,0,,0,0.5,0,0,0,,0,0,0,0,0,0.5,0
Rutgers,15,Joey Downes,1,0,0,0,,0,0,,0,0,,0,0,,1,0,0,0,0,0,0
Rutgers,16,Aaren Smith,1,4,0,0,,0,0,,0,0,,0,2,0,0,0,0,0,0,0,0